[2026-05-22T00:48:17+08:00] [INFO] Attempted OPcache invalidate for plugin files. {"invalidated":37,"failed":0,"files":37}
[2026-05-22T00:48:17+08:00] [INFO] Museder RestoreOne version updated. {"version":"2.7.263","build_id":"2.7.263-1","opcache":true,"php":"8.3.30"}
[2026-05-22T00:48:17+08:00] [INFO] Legacy storage migration completed. {"skipped":false,"migrated":[],"errors":[]}
[2026-05-22T00:48:17+08:00] [INFO] Museder RestoreOne build active. {"version":"2.7.263","build_id":"2.7.263-1","opcache":true}
[2026-05-22T00:54:28+08:00] [INFO] Time budget reached, scheduling next batch. {"job_id":"38a3743a-2a07-4fe3-b9b4-4daec520c12a","elapsed":54.28,"time_budget":25,"batches_processed":8}
[2026-05-22T00:54:28+08:00] [INFO] Processed multiple batches in single request. {"job_id":"38a3743a-2a07-4fe3-b9b4-4daec520c12a","batches":8,"elapsed":54.28,"bytes":0,"mb_per_second":0,"backup_mode":"auto"}
[2026-05-22T00:54:28+08:00] [INFO] Scheduled next batch with short interval. {"job_id":"38a3743a-2a07-4fe3-b9b4-4daec520c12a","interval":15,"next_run":1779382483,"stage":"preparing"}
[2026-05-22T00:54:41+08:00] [INFO] Backup Auto mode decision. {"threshold_files":50000,"reached_threshold":false,"scanned_files":13054,"scanned_bytes":1851437189,"backup_mode_effective":"balanced","smart_exclude_effective":"off"}
[2026-05-22T00:54:43+08:00] [INFO] Backup job prepared (sliced manifest). {"job":"38a3743a-2a07-4fe3-b9b4-4daec520c12a","files":12884,"bytes":1846891113,"backup_mode":"balanced","smart_exclude":"off"}
[2026-05-22T00:55:49+08:00] [INFO] Time budget reached, scheduling next batch. {"job_id":"38a3743a-2a07-4fe3-b9b4-4daec520c12a","elapsed":69.09,"time_budget":12,"batches_processed":3}
[2026-05-22T00:55:52+08:00] [INFO] Closed ZipArchive after time budget loop. {"job_id":"38a3743a-2a07-4fe3-b9b4-4daec520c12a","batches_processed":3,"completed":false}
[2026-05-22T00:55:52+08:00] [INFO] Processed multiple batches in single request. {"job_id":"38a3743a-2a07-4fe3-b9b4-4daec520c12a","batches":3,"elapsed":72.74,"bytes":3928960,"mb_per_second":0.05,"backup_mode":"balanced"}
[2026-05-22T00:55:52+08:00] [INFO] Scheduled next batch with short interval. {"job_id":"38a3743a-2a07-4fe3-b9b4-4daec520c12a","interval":19,"next_run":1779382571,"stage":"packing"}
[2026-05-22T00:55:57+08:00] [INFO] Opened ZipArchive for time budget loop. {"job_id":"38a3743a-2a07-4fe3-b9b4-4daec520c12a"}
[2026-05-22T00:58:58+08:00] [INFO] Opened ZipArchive for time budget loop. {"job_id":"38a3743a-2a07-4fe3-b9b4-4daec520c12a"}
[2026-05-22T00:58:58+08:00] [INFO] Packing reached end pointer; running integrity guards. {"job_id":"38a3743a-2a07-4fe3-b9b4-4daec520c12a","total_files":12884,"pointer":12884,"added_files":12884,"skipped_files":0,"total_bytes":1846891113,"added_bytes":1846891113,"pack_method":"ziparchive"}
[2026-05-22T00:59:17+08:00] [INFO] Closed ZipArchive after time budget loop. {"job_id":"38a3743a-2a07-4fe3-b9b4-4daec520c12a","batches_processed":10,"completed":false}
[2026-05-22T00:59:17+08:00] [INFO] Finalize snapshot (after close). {"job_id":"38a3743a-2a07-4fe3-b9b4-4daec520c12a","total_files":12884,"added_files":12884,"total_bytes":1846891113,"added_bytes":1846891113,"pointer":12884,"processed_files":12884,"pack_method":"ziparchive","finalize_step":"verify"}
[2026-05-22T00:59:17+08:00] [INFO] Archive verify snapshot (after close). {"job_id":"38a3743a-2a07-4fe3-b9b4-4daec520c12a","ok":false,"checked":7,"missing":5,"samples":["wp-admin\/index.php","wp-content\/index.php","zip_entry_count_too_small:1542<6442","missing_sample:wp-content\/themes\/index.php","missing_sample:wp-content\/uploads\/wordpress-5.1.1-oo66SH.tmp"],"roots":[]}
[2026-05-22T00:59:17+08:00] [WARNING] Archive verification failed; scheduling repack with PclZip. {"job_id":"38a3743a-2a07-4fe3-b9b4-4daec520c12a"}
[2026-05-22T01:00:21+08:00] [INFO] Processed multiple batches in single request. {"job_id":"38a3743a-2a07-4fe3-b9b4-4daec520c12a","batches":10,"elapsed":83.57,"bytes":0,"mb_per_second":0,"backup_mode":"balanced"}
[2026-05-22T01:00:21+08:00] [INFO] Scheduled next batch with short interval. {"job_id":"38a3743a-2a07-4fe3-b9b4-4daec520c12a","interval":19,"next_run":1779382840,"stage":"packing"}
[2026-05-22T01:00:50+08:00] [WARNING] Packing batch exceeded time budget; shrinking batch limits for next tick. {"job_id":"38a3743a-2a07-4fe3-b9b4-4daec520c12a","time_budget":12,"batch_seconds":12.26,"entries":60,"bytes":1897196,"next_max_files":30,"next_max_bytes":6291456}
[2026-05-22T01:00:50+08:00] [INFO] Time budget reached, scheduling next batch. {"job_id":"38a3743a-2a07-4fe3-b9b4-4daec520c12a","elapsed":24.08,"time_budget":12,"batches_processed":2}
[2026-05-22T01:00:50+08:00] [INFO] Processed multiple batches in single request. {"job_id":"38a3743a-2a07-4fe3-b9b4-4daec520c12a","batches":2,"elapsed":24.08,"bytes":5826156,"mb_per_second":0.23,"backup_mode":"balanced"}
[2026-05-22T01:00:50+08:00] [INFO] Scheduled next batch with short interval. {"job_id":"38a3743a-2a07-4fe3-b9b4-4daec520c12a","interval":18,"next_run":1779382868,"stage":"packing"}
[2026-05-22T01:01:16+08:00] [INFO] Time budget reached, scheduling next batch. {"job_id":"38a3743a-2a07-4fe3-b9b4-4daec520c12a","elapsed":25.59,"time_budget":25,"batches_processed":6}
[2026-05-22T01:01:16+08:00] [INFO] Processed multiple batches in single request. {"job_id":"38a3743a-2a07-4fe3-b9b4-4daec520c12a","batches":6,"elapsed":25.59,"bytes":4024577,"mb_per_second":0.15,"backup_mode":"balanced"}
[2026-05-22T01:01:16+08:00] [INFO] Scheduled next batch with short interval. {"job_id":"38a3743a-2a07-4fe3-b9b4-4daec520c12a","interval":15,"next_run":1779382891,"stage":"packing"}
[2026-05-22T01:01:39+08:00] [INFO] Time budget reached, scheduling next batch. {"job_id":"38a3743a-2a07-4fe3-b9b4-4daec520c12a","elapsed":13.95,"time_budget":12,"batches_processed":4}
[2026-05-22T01:01:39+08:00] [INFO] Processed multiple batches in single request. {"job_id":"38a3743a-2a07-4fe3-b9b4-4daec520c12a","batches":4,"elapsed":13.95,"bytes":5675103,"mb_per_second":0.39,"backup_mode":"balanced"}
[2026-05-22T01:01:39+08:00] [INFO] Scheduled next batch with short interval. {"job_id":"38a3743a-2a07-4fe3-b9b4-4daec520c12a","interval":10,"next_run":1779382909,"stage":"packing"}
[2026-05-22T01:04:13+08:00] [WARNING] Packing batch exceeded time budget; shrinking batch limits for next tick. {"job_id":"38a3743a-2a07-4fe3-b9b4-4daec520c12a","time_budget":25,"batch_seconds":142.44,"entries":258,"bytes":992667096,"next_max_files":140,"next_max_bytes":13631488}
[2026-05-22T01:04:13+08:00] [INFO] Time budget reached, scheduling next batch. {"job_id":"38a3743a-2a07-4fe3-b9b4-4daec520c12a","elapsed":145.44,"time_budget":25,"batches_processed":2}
[2026-05-22T01:04:13+08:00] [INFO] Processed multiple batches in single request. {"job_id":"38a3743a-2a07-4fe3-b9b4-4daec520c12a","batches":2,"elapsed":145.44,"bytes":997447096,"mb_per_second":6.54,"backup_mode":"balanced"}
[2026-05-22T01:04:13+08:00] [INFO] Scheduled next batch with short interval. {"job_id":"38a3743a-2a07-4fe3-b9b4-4daec520c12a","interval":14,"next_run":1779383067,"stage":"packing"}
[2026-05-22T01:05:26+08:00] [WARNING] Packing batch exceeded time budget; shrinking batch limits for next tick. {"job_id":"38a3743a-2a07-4fe3-b9b4-4daec520c12a","time_budget":12,"batch_seconds":71.96,"entries":76,"bytes":16179836,"next_max_files":60,"next_max_bytes":6815744}
[2026-05-22T01:05:26+08:00] [INFO] Time budget reached, scheduling next batch. {"job_id":"38a3743a-2a07-4fe3-b9b4-4daec520c12a","elapsed":71.96,"time_budget":12,"batches_processed":1}
[2026-05-22T01:05:26+08:00] [INFO] Scheduled next batch with short interval. {"job_id":"38a3743a-2a07-4fe3-b9b4-4daec520c12a","interval":17,"next_run":1779383143,"stage":"packing"}
[2026-05-22T01:06:42+08:00] [WARNING] Packing batch exceeded time budget; shrinking batch limits for next tick. {"job_id":"38a3743a-2a07-4fe3-b9b4-4daec520c12a","time_budget":12,"batch_seconds":73.13,"entries":2,"bytes":12631659,"next_max_files":30,"next_max_bytes":4194304}
[2026-05-22T01:06:42+08:00] [INFO] Time budget reached, scheduling next batch. {"job_id":"38a3743a-2a07-4fe3-b9b4-4daec520c12a","elapsed":73.14,"time_budget":12,"batches_processed":1}
[2026-05-22T01:06:42+08:00] [INFO] Scheduled next batch with short interval. {"job_id":"38a3743a-2a07-4fe3-b9b4-4daec520c12a","interval":17,"next_run":1779383219,"stage":"packing"}
[2026-05-22T01:07:56+08:00] [WARNING] Packing batch exceeded time budget; shrinking batch limits for next tick. {"job_id":"38a3743a-2a07-4fe3-b9b4-4daec520c12a","time_budget":12,"batch_seconds":73.72,"entries":30,"bytes":4126497,"next_max_files":15,"next_max_bytes":4194304}
[2026-05-22T01:07:56+08:00] [INFO] Time budget reached, scheduling next batch. {"job_id":"38a3743a-2a07-4fe3-b9b4-4daec520c12a","elapsed":73.73,"time_budget":12,"batches_processed":1}
[2026-05-22T01:07:56+08:00] [INFO] Scheduled next batch with short interval. {"job_id":"38a3743a-2a07-4fe3-b9b4-4daec520c12a","interval":10,"next_run":1779383286,"stage":"packing"}
[2026-05-22T01:09:10+08:00] [WARNING] Packing batch exceeded time budget; shrinking batch limits for next tick. {"job_id":"38a3743a-2a07-4fe3-b9b4-4daec520c12a","time_budget":12,"batch_seconds":73.29,"entries":15,"bytes":123075,"next_max_files":10,"next_max_bytes":4194304}
[2026-05-22T01:09:10+08:00] [INFO] Time budget reached, scheduling next batch. {"job_id":"38a3743a-2a07-4fe3-b9b4-4daec520c12a","elapsed":73.29,"time_budget":12,"batches_processed":1}
[2026-05-22T01:09:10+08:00] [INFO] Scheduled next batch with short interval. {"job_id":"38a3743a-2a07-4fe3-b9b4-4daec520c12a","interval":14,"next_run":1779383364,"stage":"packing"}
[2026-05-22T01:10:25+08:00] [WARNING] Packing batch exceeded time budget; shrinking batch limits for next tick. {"job_id":"38a3743a-2a07-4fe3-b9b4-4daec520c12a","time_budget":12,"batch_seconds":73.27,"entries":10,"bytes":97098,"next_max_files":10,"next_max_bytes":4194304}
[2026-05-22T01:10:25+08:00] [INFO] Time budget reached, scheduling next batch. {"job_id":"38a3743a-2a07-4fe3-b9b4-4daec520c12a","elapsed":73.27,"time_budget":12,"batches_processed":1}
[2026-05-22T01:10:25+08:00] [INFO] Scheduled next batch with short interval. {"job_id":"38a3743a-2a07-4fe3-b9b4-4daec520c12a","interval":13,"next_run":1779383438,"stage":"packing"}
[2026-05-22T01:11:41+08:00] [WARNING] Packing batch exceeded time budget; shrinking batch limits for next tick. {"job_id":"38a3743a-2a07-4fe3-b9b4-4daec520c12a","time_budget":12,"batch_seconds":73.33,"entries":10,"bytes":337669,"next_max_files":10,"next_max_bytes":4194304}
[2026-05-22T01:11:41+08:00] [INFO] Time budget reached, scheduling next batch. {"job_id":"38a3743a-2a07-4fe3-b9b4-4daec520c12a","elapsed":73.34,"time_budget":12,"batches_processed":1}
[2026-05-22T01:11:41+08:00] [INFO] Scheduled next batch with short interval. {"job_id":"38a3743a-2a07-4fe3-b9b4-4daec520c12a","interval":15,"next_run":1779383516,"stage":"packing"}
[2026-05-22T01:13:05+08:00] [WARNING] Packing batch exceeded time budget; shrinking batch limits for next tick. {"job_id":"38a3743a-2a07-4fe3-b9b4-4daec520c12a","time_budget":12,"batch_seconds":73.31,"entries":10,"bytes":498576,"next_max_files":10,"next_max_bytes":4194304}
[2026-05-22T01:13:05+08:00] [INFO] Time budget reached, scheduling next batch. {"job_id":"38a3743a-2a07-4fe3-b9b4-4daec520c12a","elapsed":73.31,"time_budget":12,"batches_processed":1}
[2026-05-22T01:13:05+08:00] [INFO] Scheduled next batch with short interval. {"job_id":"38a3743a-2a07-4fe3-b9b4-4daec520c12a","interval":17,"next_run":1779383602,"stage":"packing"}
[2026-05-22T01:14:19+08:00] [WARNING] Packing batch exceeded time budget; shrinking batch limits for next tick. {"job_id":"38a3743a-2a07-4fe3-b9b4-4daec520c12a","time_budget":12,"batch_seconds":73.31,"entries":10,"bytes":269630,"next_max_files":10,"next_max_bytes":4194304}
[2026-05-22T01:14:19+08:00] [INFO] Time budget reached, scheduling next batch. {"job_id":"38a3743a-2a07-4fe3-b9b4-4daec520c12a","elapsed":73.31,"time_budget":12,"batches_processed":1}
[2026-05-22T01:14:19+08:00] [INFO] Scheduled next batch with short interval. {"job_id":"38a3743a-2a07-4fe3-b9b4-4daec520c12a","interval":13,"next_run":1779383672,"stage":"packing"}
[2026-05-22T01:15:34+08:00] [WARNING] Packing batch exceeded time budget; shrinking batch limits for next tick. {"job_id":"38a3743a-2a07-4fe3-b9b4-4daec520c12a","time_budget":12,"batch_seconds":73.41,"entries":10,"bytes":1012598,"next_max_files":10,"next_max_bytes":4194304}
[2026-05-22T01:15:34+08:00] [INFO] Time budget reached, scheduling next batch. {"job_id":"38a3743a-2a07-4fe3-b9b4-4daec520c12a","elapsed":73.41,"time_budget":12,"batches_processed":1}
[2026-05-22T01:15:34+08:00] [INFO] Scheduled next batch with short interval. {"job_id":"38a3743a-2a07-4fe3-b9b4-4daec520c12a","interval":11,"next_run":1779383745,"stage":"packing"}
[2026-05-22T01:16:51+08:00] [WARNING] Packing batch exceeded time budget; shrinking batch limits for next tick. {"job_id":"38a3743a-2a07-4fe3-b9b4-4daec520c12a","time_budget":12,"batch_seconds":73.37,"entries":10,"bytes":210308,"next_max_files":10,"next_max_bytes":4194304}
[2026-05-22T01:16:51+08:00] [INFO] Time budget reached, scheduling next batch. {"job_id":"38a3743a-2a07-4fe3-b9b4-4daec520c12a","elapsed":73.37,"time_budget":12,"batches_processed":1}
[2026-05-22T01:16:51+08:00] [INFO] Scheduled next batch with short interval. {"job_id":"38a3743a-2a07-4fe3-b9b4-4daec520c12a","interval":11,"next_run":1779383822,"stage":"packing"}
[2026-05-22T01:18:10+08:00] [WARNING] Packing batch exceeded time budget; shrinking batch limits for next tick. {"job_id":"38a3743a-2a07-4fe3-b9b4-4daec520c12a","time_budget":12,"batch_seconds":73.47,"entries":10,"bytes":3893657,"next_max_files":10,"next_max_bytes":4194304}
[2026-05-22T01:18:10+08:00] [INFO] Time budget reached, scheduling next batch. {"job_id":"38a3743a-2a07-4fe3-b9b4-4daec520c12a","elapsed":73.47,"time_budget":12,"batches_processed":1}
[2026-05-22T01:18:10+08:00] [INFO] Scheduled next batch with short interval. {"job_id":"38a3743a-2a07-4fe3-b9b4-4daec520c12a","interval":13,"next_run":1779383903,"stage":"packing"}
[2026-05-22T01:19:32+08:00] [WARNING] Packing batch exceeded time budget; shrinking batch limits for next tick. {"job_id":"38a3743a-2a07-4fe3-b9b4-4daec520c12a","time_budget":12,"batch_seconds":73.66,"entries":10,"bytes":368053,"next_max_files":10,"next_max_bytes":4194304}
[2026-05-22T01:19:32+08:00] [INFO] Time budget reached, scheduling next batch. {"job_id":"38a3743a-2a07-4fe3-b9b4-4daec520c12a","elapsed":73.67,"time_budget":12,"batches_processed":1}
[2026-05-22T01:19:32+08:00] [INFO] Scheduled next batch with short interval. {"job_id":"38a3743a-2a07-4fe3-b9b4-4daec520c12a","interval":16,"next_run":1779383988,"stage":"packing"}
[2026-05-22T01:20:53+08:00] [WARNING] Packing batch exceeded time budget; shrinking batch limits for next tick. {"job_id":"38a3743a-2a07-4fe3-b9b4-4daec520c12a","time_budget":12,"batch_seconds":73.49,"entries":10,"bytes":1374211,"next_max_files":10,"next_max_bytes":4194304}
[2026-05-22T01:20:53+08:00] [INFO] Time budget reached, scheduling next batch. {"job_id":"38a3743a-2a07-4fe3-b9b4-4daec520c12a","elapsed":73.49,"time_budget":12,"batches_processed":1}
[2026-05-22T01:20:53+08:00] [INFO] Scheduled next batch with short interval. {"job_id":"38a3743a-2a07-4fe3-b9b4-4daec520c12a","interval":17,"next_run":1779384070,"stage":"packing"}
[2026-05-22T01:22:14+08:00] [WARNING] Packing batch exceeded time budget; shrinking batch limits for next tick. {"job_id":"38a3743a-2a07-4fe3-b9b4-4daec520c12a","time_budget":12,"batch_seconds":73.71,"entries":10,"bytes":2792779,"next_max_files":10,"next_max_bytes":4194304}
[2026-05-22T01:22:14+08:00] [INFO] Time budget reached, scheduling next batch. {"job_id":"38a3743a-2a07-4fe3-b9b4-4daec520c12a","elapsed":73.71,"time_budget":12,"batches_processed":1}
[2026-05-22T01:22:14+08:00] [INFO] Scheduled next batch with short interval. {"job_id":"38a3743a-2a07-4fe3-b9b4-4daec520c12a","interval":10,"next_run":1779384144,"stage":"packing"}
[2026-05-22T01:23:34+08:00] [WARNING] Packing batch exceeded time budget; shrinking batch limits for next tick. {"job_id":"38a3743a-2a07-4fe3-b9b4-4daec520c12a","time_budget":12,"batch_seconds":73.67,"entries":10,"bytes":3047233,"next_max_files":10,"next_max_bytes":4194304}
[2026-05-22T01:23:34+08:00] [INFO] Time budget reached, scheduling next batch. {"job_id":"38a3743a-2a07-4fe3-b9b4-4daec520c12a","elapsed":73.67,"time_budget":12,"batches_processed":1}
[2026-05-22T01:23:34+08:00] [INFO] Scheduled next batch with short interval. {"job_id":"38a3743a-2a07-4fe3-b9b4-4daec520c12a","interval":15,"next_run":1779384229,"stage":"packing"}
[2026-05-22T01:24:55+08:00] [WARNING] Packing batch exceeded time budget; shrinking batch limits for next tick. {"job_id":"38a3743a-2a07-4fe3-b9b4-4daec520c12a","time_budget":12,"batch_seconds":73.61,"entries":10,"bytes":1265283,"next_max_files":10,"next_max_bytes":4194304}
[2026-05-22T01:24:55+08:00] [INFO] Time budget reached, scheduling next batch. {"job_id":"38a3743a-2a07-4fe3-b9b4-4daec520c12a","elapsed":73.61,"time_budget":12,"batches_processed":1}
[2026-05-22T01:24:55+08:00] [INFO] Scheduled next batch with short interval. {"job_id":"38a3743a-2a07-4fe3-b9b4-4daec520c12a","interval":15,"next_run":1779384310,"stage":"packing"}
[2026-05-22T01:26:16+08:00] [WARNING] Packing batch exceeded time budget; shrinking batch limits for next tick. {"job_id":"38a3743a-2a07-4fe3-b9b4-4daec520c12a","time_budget":12,"batch_seconds":73.61,"entries":10,"bytes":101050,"next_max_files":10,"next_max_bytes":4194304}
[2026-05-22T01:26:16+08:00] [INFO] Time budget reached, scheduling next batch. {"job_id":"38a3743a-2a07-4fe3-b9b4-4daec520c12a","elapsed":73.61,"time_budget":12,"batches_processed":1}
[2026-05-22T01:26:16+08:00] [INFO] Scheduled next batch with short interval. {"job_id":"38a3743a-2a07-4fe3-b9b4-4daec520c12a","interval":16,"next_run":1779384392,"stage":"packing"}
[2026-05-22T01:27:37+08:00] [WARNING] Packing batch exceeded time budget; shrinking batch limits for next tick. {"job_id":"38a3743a-2a07-4fe3-b9b4-4daec520c12a","time_budget":12,"batch_seconds":73.66,"entries":10,"bytes":2272083,"next_max_files":10,"next_max_bytes":4194304}
[2026-05-22T01:27:37+08:00] [INFO] Time budget reached, scheduling next batch. {"job_id":"38a3743a-2a07-4fe3-b9b4-4daec520c12a","elapsed":73.67,"time_budget":12,"batches_processed":1}
[2026-05-22T01:27:37+08:00] [INFO] Scheduled next batch with short interval. {"job_id":"38a3743a-2a07-4fe3-b9b4-4daec520c12a","interval":16,"next_run":1779384473,"stage":"packing"}
[2026-05-22T01:28:55+08:00] [WARNING] Packing batch exceeded time budget; shrinking batch limits for next tick. {"job_id":"38a3743a-2a07-4fe3-b9b4-4daec520c12a","time_budget":12,"batch_seconds":73.65,"entries":10,"bytes":276536,"next_max_files":10,"next_max_bytes":4194304}
[2026-05-22T01:28:55+08:00] [INFO] Time budget reached, scheduling next batch. {"job_id":"38a3743a-2a07-4fe3-b9b4-4daec520c12a","elapsed":73.66,"time_budget":12,"batches_processed":1}
[2026-05-22T01:28:55+08:00] [INFO] Scheduled next batch with short interval. {"job_id":"38a3743a-2a07-4fe3-b9b4-4daec520c12a","interval":16,"next_run":1779384551,"stage":"packing"}
[2026-05-22T01:30:10+08:00] [WARNING] Packing batch exceeded time budget; shrinking batch limits for next tick. {"job_id":"38a3743a-2a07-4fe3-b9b4-4daec520c12a","time_budget":12,"batch_seconds":73.75,"entries":10,"bytes":2496137,"next_max_files":10,"next_max_bytes":4194304}
[2026-05-22T01:30:10+08:00] [INFO] Time budget reached, scheduling next batch. {"job_id":"38a3743a-2a07-4fe3-b9b4-4daec520c12a","elapsed":73.76,"time_budget":12,"batches_processed":1}
[2026-05-22T01:30:10+08:00] [INFO] Scheduled next batch with short interval. {"job_id":"38a3743a-2a07-4fe3-b9b4-4daec520c12a","interval":19,"next_run":1779384629,"stage":"packing"}
[2026-05-22T01:31:25+08:00] [WARNING] Packing batch exceeded time budget; shrinking batch limits for next tick. {"job_id":"38a3743a-2a07-4fe3-b9b4-4daec520c12a","time_budget":12,"batch_seconds":73.75,"entries":10,"bytes":1113810,"next_max_files":10,"next_max_bytes":4194304}
[2026-05-22T01:31:25+08:00] [INFO] Time budget reached, scheduling next batch. {"job_id":"38a3743a-2a07-4fe3-b9b4-4daec520c12a","elapsed":73.75,"time_budget":12,"batches_processed":1}
[2026-05-22T01:31:25+08:00] [INFO] Scheduled next batch with short interval. {"job_id":"38a3743a-2a07-4fe3-b9b4-4daec520c12a","interval":17,"next_run":1779384702,"stage":"packing"}
[2026-05-22T01:32:56+08:00] [WARNING] Packing batch exceeded time budget; shrinking batch limits for next tick. {"job_id":"38a3743a-2a07-4fe3-b9b4-4daec520c12a","time_budget":12,"batch_seconds":73.75,"entries":10,"bytes":433039,"next_max_files":10,"next_max_bytes":4194304}
[2026-05-22T01:32:56+08:00] [INFO] Time budget reached, scheduling next batch. {"job_id":"38a3743a-2a07-4fe3-b9b4-4daec520c12a","elapsed":73.76,"time_budget":12,"batches_processed":1}
[2026-05-22T01:32:56+08:00] [INFO] Scheduled next batch with short interval. {"job_id":"38a3743a-2a07-4fe3-b9b4-4daec520c12a","interval":13,"next_run":1779384789,"stage":"packing"}
[2026-05-22T01:34:33+08:00] [WARNING] Packing batch exceeded time budget; shrinking batch limits for next tick. {"job_id":"38a3743a-2a07-4fe3-b9b4-4daec520c12a","time_budget":25,"batch_seconds":73.76,"entries":10,"bytes":125472,"next_max_files":10,"next_max_bytes":4194304}
[2026-05-22T01:34:33+08:00] [INFO] Time budget reached, scheduling next batch. {"job_id":"38a3743a-2a07-4fe3-b9b4-4daec520c12a","elapsed":73.77,"time_budget":25,"batches_processed":1}
[2026-05-22T01:34:33+08:00] [INFO] Scheduled next batch with short interval. {"job_id":"38a3743a-2a07-4fe3-b9b4-4daec520c12a","interval":14,"next_run":1779384887,"stage":"packing"}
[2026-05-22T01:35:57+08:00] [WARNING] Packing batch exceeded time budget; shrinking batch limits for next tick. {"job_id":"38a3743a-2a07-4fe3-b9b4-4daec520c12a","time_budget":12,"batch_seconds":73.81,"entries":10,"bytes":1309726,"next_max_files":10,"next_max_bytes":4194304}
[2026-05-22T01:35:57+08:00] [INFO] Time budget reached, scheduling next batch. {"job_id":"38a3743a-2a07-4fe3-b9b4-4daec520c12a","elapsed":73.81,"time_budget":12,"batches_processed":1}
[2026-05-22T01:35:57+08:00] [INFO] Scheduled next batch with short interval. {"job_id":"38a3743a-2a07-4fe3-b9b4-4daec520c12a","interval":13,"next_run":1779384970,"stage":"packing"}
[2026-05-22T01:37:21+08:00] [WARNING] Packing batch exceeded time budget; shrinking batch limits for next tick. {"job_id":"38a3743a-2a07-4fe3-b9b4-4daec520c12a","time_budget":12,"batch_seconds":73.8,"entries":10,"bytes":312347,"next_max_files":10,"next_max_bytes":4194304}
[2026-05-22T01:37:21+08:00] [INFO] Time budget reached, scheduling next batch. {"job_id":"38a3743a-2a07-4fe3-b9b4-4daec520c12a","elapsed":73.81,"time_budget":12,"batches_processed":1}
[2026-05-22T01:37:21+08:00] [INFO] Scheduled next batch with short interval. {"job_id":"38a3743a-2a07-4fe3-b9b4-4daec520c12a","interval":12,"next_run":1779385053,"stage":"packing"}
[2026-05-22T01:38:42+08:00] [WARNING] Packing batch exceeded time budget; shrinking batch limits for next tick. {"job_id":"38a3743a-2a07-4fe3-b9b4-4daec520c12a","time_budget":12,"batch_seconds":73.8,"entries":10,"bytes":392471,"next_max_files":10,"next_max_bytes":4194304}
[2026-05-22T01:38:42+08:00] [INFO] Time budget reached, scheduling next batch. {"job_id":"38a3743a-2a07-4fe3-b9b4-4daec520c12a","elapsed":73.8,"time_budget":12,"batches_processed":1}
[2026-05-22T01:38:42+08:00] [INFO] Scheduled next batch with short interval. {"job_id":"38a3743a-2a07-4fe3-b9b4-4daec520c12a","interval":20,"next_run":1779385142,"stage":"packing"}
[2026-05-22T01:39:58+08:00] [WARNING] Packing batch exceeded time budget; shrinking batch limits for next tick. {"job_id":"38a3743a-2a07-4fe3-b9b4-4daec520c12a","time_budget":12,"batch_seconds":73.78,"entries":10,"bytes":3504,"next_max_files":10,"next_max_bytes":4194304}
[2026-05-22T01:39:58+08:00] [INFO] Time budget reached, scheduling next batch. {"job_id":"38a3743a-2a07-4fe3-b9b4-4daec520c12a","elapsed":73.79,"time_budget":12,"batches_processed":1}
[2026-05-22T01:39:58+08:00] [INFO] Scheduled next batch with short interval. {"job_id":"38a3743a-2a07-4fe3-b9b4-4daec520c12a","interval":15,"next_run":1779385213,"stage":"packing"}
[2026-05-22T01:41:13+08:00] [WARNING] Packing batch exceeded time budget; shrinking batch limits for next tick. {"job_id":"38a3743a-2a07-4fe3-b9b4-4daec520c12a","time_budget":12,"batch_seconds":73.79,"entries":10,"bytes":2897,"next_max_files":10,"next_max_bytes":4194304}
[2026-05-22T01:41:13+08:00] [INFO] Time budget reached, scheduling next batch. {"job_id":"38a3743a-2a07-4fe3-b9b4-4daec520c12a","elapsed":73.79,"time_budget":12,"batches_processed":1}
[2026-05-22T01:41:13+08:00] [INFO] Scheduled next batch with short interval. {"job_id":"38a3743a-2a07-4fe3-b9b4-4daec520c12a","interval":19,"next_run":1779385292,"stage":"packing"}
[2026-05-22T01:42:43+08:00] [WARNING] Packing batch exceeded time budget; shrinking batch limits for next tick. {"job_id":"38a3743a-2a07-4fe3-b9b4-4daec520c12a","time_budget":12,"batch_seconds":73.8,"entries":10,"bytes":8023,"next_max_files":10,"next_max_bytes":4194304}
[2026-05-22T01:42:43+08:00] [INFO] Time budget reached, scheduling next batch. {"job_id":"38a3743a-2a07-4fe3-b9b4-4daec520c12a","elapsed":73.8,"time_budget":12,"batches_processed":1}
[2026-05-22T01:42:43+08:00] [INFO] Scheduled next batch with short interval. {"job_id":"38a3743a-2a07-4fe3-b9b4-4daec520c12a","interval":16,"next_run":1779385379,"stage":"packing"}
[2026-05-22T01:44:03+08:00] [WARNING] Packing batch exceeded time budget; shrinking batch limits for next tick. {"job_id":"38a3743a-2a07-4fe3-b9b4-4daec520c12a","time_budget":12,"batch_seconds":73.86,"entries":10,"bytes":12286,"next_max_files":10,"next_max_bytes":4194304}
[2026-05-22T01:44:03+08:00] [INFO] Time budget reached, scheduling next batch. {"job_id":"38a3743a-2a07-4fe3-b9b4-4daec520c12a","elapsed":73.86,"time_budget":12,"batches_processed":1}
[2026-05-22T01:44:03+08:00] [INFO] Scheduled next batch with short interval. {"job_id":"38a3743a-2a07-4fe3-b9b4-4daec520c12a","interval":13,"next_run":1779385456,"stage":"packing"}
[2026-05-22T01:45:19+08:00] [WARNING] Packing batch exceeded time budget; shrinking batch limits for next tick. {"job_id":"38a3743a-2a07-4fe3-b9b4-4daec520c12a","time_budget":12,"batch_seconds":73.8,"entries":10,"bytes":3124,"next_max_files":10,"next_max_bytes":4194304}
[2026-05-22T01:45:19+08:00] [INFO] Time budget reached, scheduling next batch. {"job_id":"38a3743a-2a07-4fe3-b9b4-4daec520c12a","elapsed":73.8,"time_budget":12,"batches_processed":1}
[2026-05-22T01:45:19+08:00] [INFO] Scheduled next batch with short interval. {"job_id":"38a3743a-2a07-4fe3-b9b4-4daec520c12a","interval":18,"next_run":1779385537,"stage":"packing"}
[2026-05-22T01:46:36+08:00] [WARNING] Packing batch exceeded time budget; shrinking batch limits for next tick. {"job_id":"38a3743a-2a07-4fe3-b9b4-4daec520c12a","time_budget":12,"batch_seconds":73.82,"entries":10,"bytes":3326,"next_max_files":10,"next_max_bytes":4194304}
[2026-05-22T01:46:36+08:00] [INFO] Time budget reached, scheduling next batch. {"job_id":"38a3743a-2a07-4fe3-b9b4-4daec520c12a","elapsed":73.82,"time_budget":12,"batches_processed":1}
[2026-05-22T01:46:36+08:00] [INFO] Scheduled next batch with short interval. {"job_id":"38a3743a-2a07-4fe3-b9b4-4daec520c12a","interval":14,"next_run":1779385610,"stage":"packing"}
[2026-05-22T01:47:57+08:00] [WARNING] Packing batch exceeded time budget; shrinking batch limits for next tick. {"job_id":"38a3743a-2a07-4fe3-b9b4-4daec520c12a","time_budget":12,"batch_seconds":73.8,"entries":10,"bytes":9720,"next_max_files":10,"next_max_bytes":4194304}
[2026-05-22T01:47:57+08:00] [INFO] Time budget reached, scheduling next batch. {"job_id":"38a3743a-2a07-4fe3-b9b4-4daec520c12a","elapsed":73.8,"time_budget":12,"batches_processed":1}
[2026-05-22T01:47:57+08:00] [INFO] Scheduled next batch with short interval. {"job_id":"38a3743a-2a07-4fe3-b9b4-4daec520c12a","interval":14,"next_run":1779385691,"stage":"packing"}
[2026-05-22T01:48:20+08:00] [INFO] Museder RestoreOne build active. {"version":"2.7.263","build_id":"2.7.263-1","opcache":true}
[2026-05-22T01:49:14+08:00] [WARNING] Packing batch exceeded time budget; shrinking batch limits for next tick. {"job_id":"38a3743a-2a07-4fe3-b9b4-4daec520c12a","time_budget":12,"batch_seconds":73.8,"entries":10,"bytes":6395,"next_max_files":10,"next_max_bytes":4194304}
[2026-05-22T01:49:14+08:00] [INFO] Time budget reached, scheduling next batch. {"job_id":"38a3743a-2a07-4fe3-b9b4-4daec520c12a","elapsed":73.81,"time_budget":12,"batches_processed":1}
[2026-05-22T01:49:14+08:00] [INFO] Scheduled next batch with short interval. {"job_id":"38a3743a-2a07-4fe3-b9b4-4daec520c12a","interval":10,"next_run":1779385764,"stage":"packing"}
[2026-05-22T01:50:30+08:00] [WARNING] Packing batch exceeded time budget; shrinking batch limits for next tick. {"job_id":"38a3743a-2a07-4fe3-b9b4-4daec520c12a","time_budget":12,"batch_seconds":73.83,"entries":10,"bytes":12300,"next_max_files":10,"next_max_bytes":4194304}
[2026-05-22T01:50:30+08:00] [INFO] Time budget reached, scheduling next batch. {"job_id":"38a3743a-2a07-4fe3-b9b4-4daec520c12a","elapsed":73.83,"time_budget":12,"batches_processed":1}
[2026-05-22T01:50:30+08:00] [INFO] Scheduled next batch with short interval. {"job_id":"38a3743a-2a07-4fe3-b9b4-4daec520c12a","interval":10,"next_run":1779385840,"stage":"packing"}
[2026-05-22T01:51:46+08:00] [WARNING] Packing batch exceeded time budget; shrinking batch limits for next tick. {"job_id":"38a3743a-2a07-4fe3-b9b4-4daec520c12a","time_budget":12,"batch_seconds":73.8,"entries":10,"bytes":24676,"next_max_files":10,"next_max_bytes":4194304}
[2026-05-22T01:51:46+08:00] [INFO] Time budget reached, scheduling next batch. {"job_id":"38a3743a-2a07-4fe3-b9b4-4daec520c12a","elapsed":73.81,"time_budget":12,"batches_processed":1}
[2026-05-22T01:51:46+08:00] [INFO] Scheduled next batch with short interval. {"job_id":"38a3743a-2a07-4fe3-b9b4-4daec520c12a","interval":11,"next_run":1779385917,"stage":"packing"}
[2026-05-22T01:52:58+08:00] [INFO] Backup job cancelled by user. {"job_id":"38a3743a-2a07-4fe3-b9b4-4daec520c12a","stage":"packing","status":"running"}
[2026-05-22T01:53:01+08:00] [INFO] Backup job cancelled by user. {"job_id":"38a3743a-2a07-4fe3-b9b4-4daec520c12a","stage":"cancelled","status":"cancelled"}
[2026-05-22T01:53:06+08:00] [WARNING] Packing batch exceeded time budget; shrinking batch limits for next tick. {"job_id":"38a3743a-2a07-4fe3-b9b4-4daec520c12a","time_budget":12,"batch_seconds":73.81,"entries":10,"bytes":11833,"next_max_files":10,"next_max_bytes":4194304}
[2026-05-22T01:53:06+08:00] [INFO] Time budget reached, scheduling next batch. {"job_id":"38a3743a-2a07-4fe3-b9b4-4daec520c12a","elapsed":73.82,"time_budget":12,"batches_processed":1}
[2026-05-22T01:53:06+08:00] [INFO] Scheduled next batch with short interval. {"job_id":"38a3743a-2a07-4fe3-b9b4-4daec520c12a","interval":12,"next_run":1779385998,"stage":"packing"}
[2026-05-22T01:56:04+08:00] [WARNING] Packing batch exceeded time budget; shrinking batch limits for next tick. {"job_id":"38a3743a-2a07-4fe3-b9b4-4daec520c12a","time_budget":12,"batch_seconds":73.82,"entries":10,"bytes":58794,"next_max_files":10,"next_max_bytes":4194304}
[2026-05-22T01:56:04+08:00] [INFO] Time budget reached, scheduling next batch. {"job_id":"38a3743a-2a07-4fe3-b9b4-4daec520c12a","elapsed":73.83,"time_budget":12,"batches_processed":1}
[2026-05-22T01:56:04+08:00] [INFO] Scheduled next batch with short interval. {"job_id":"38a3743a-2a07-4fe3-b9b4-4daec520c12a","interval":14,"next_run":1779386178,"stage":"packing"}
[2026-05-22T01:57:24+08:00] [WARNING] Packing batch exceeded time budget; shrinking batch limits for next tick. {"job_id":"38a3743a-2a07-4fe3-b9b4-4daec520c12a","time_budget":12,"batch_seconds":73.8,"entries":10,"bytes":61265,"next_max_files":10,"next_max_bytes":4194304}
[2026-05-22T01:57:24+08:00] [INFO] Time budget reached, scheduling next batch. {"job_id":"38a3743a-2a07-4fe3-b9b4-4daec520c12a","elapsed":73.8,"time_budget":12,"batches_processed":1}
[2026-05-22T01:57:24+08:00] [INFO] Scheduled next batch with short interval. {"job_id":"38a3743a-2a07-4fe3-b9b4-4daec520c12a","interval":14,"next_run":1779386258,"stage":"packing"}
[2026-05-22T01:58:41+08:00] [WARNING] Packing batch exceeded time budget; shrinking batch limits for next tick. {"job_id":"38a3743a-2a07-4fe3-b9b4-4daec520c12a","time_budget":12,"batch_seconds":73.83,"entries":10,"bytes":27859,"next_max_files":10,"next_max_bytes":4194304}
[2026-05-22T01:58:41+08:00] [INFO] Time budget reached, scheduling next batch. {"job_id":"38a3743a-2a07-4fe3-b9b4-4daec520c12a","elapsed":73.83,"time_budget":12,"batches_processed":1}
[2026-05-22T01:58:41+08:00] [INFO] Scheduled next batch with short interval. {"job_id":"38a3743a-2a07-4fe3-b9b4-4daec520c12a","interval":19,"next_run":1779386340,"stage":"packing"}
[2026-05-22T01:59:57+08:00] [WARNING] Packing batch exceeded time budget; shrinking batch limits for next tick. {"job_id":"38a3743a-2a07-4fe3-b9b4-4daec520c12a","time_budget":12,"batch_seconds":73.86,"entries":10,"bytes":5686,"next_max_files":10,"next_max_bytes":4194304}
[2026-05-22T01:59:57+08:00] [INFO] Time budget reached, scheduling next batch. {"job_id":"38a3743a-2a07-4fe3-b9b4-4daec520c12a","elapsed":73.86,"time_budget":12,"batches_processed":1}
[2026-05-22T01:59:57+08:00] [INFO] Scheduled next batch with short interval. {"job_id":"38a3743a-2a07-4fe3-b9b4-4daec520c12a","interval":11,"next_run":1779386408,"stage":"packing"}
[2026-05-22T02:01:11+08:00] [WARNING] Packing batch exceeded time budget; shrinking batch limits for next tick. {"job_id":"38a3743a-2a07-4fe3-b9b4-4daec520c12a","time_budget":12,"batch_seconds":74.13,"entries":10,"bytes":4796,"next_max_files":10,"next_max_bytes":4194304}
[2026-05-22T02:01:11+08:00] [INFO] Time budget reached, scheduling next batch. {"job_id":"38a3743a-2a07-4fe3-b9b4-4daec520c12a","elapsed":74.13,"time_budget":12,"batches_processed":1}
[2026-05-22T02:01:11+08:00] [INFO] Scheduled next batch with short interval. {"job_id":"38a3743a-2a07-4fe3-b9b4-4daec520c12a","interval":20,"next_run":1779386491,"stage":"packing"}
[2026-05-22T02:02:31+08:00] [WARNING] Packing batch exceeded time budget; shrinking batch limits for next tick. {"job_id":"38a3743a-2a07-4fe3-b9b4-4daec520c12a","time_budget":12,"batch_seconds":73.81,"entries":10,"bytes":4504,"next_max_files":10,"next_max_bytes":4194304}
[2026-05-22T02:02:31+08:00] [INFO] Time budget reached, scheduling next batch. {"job_id":"38a3743a-2a07-4fe3-b9b4-4daec520c12a","elapsed":73.82,"time_budget":12,"batches_processed":1}
[2026-05-22T02:02:31+08:00] [INFO] Scheduled next batch with short interval. {"job_id":"38a3743a-2a07-4fe3-b9b4-4daec520c12a","interval":14,"next_run":1779386565,"stage":"packing"}
[2026-05-22T02:03:46+08:00] [WARNING] Packing batch exceeded time budget; shrinking batch limits for next tick. {"job_id":"38a3743a-2a07-4fe3-b9b4-4daec520c12a","time_budget":12,"batch_seconds":73.81,"entries":10,"bytes":6786,"next_max_files":10,"next_max_bytes":4194304}
[2026-05-22T02:03:46+08:00] [INFO] Time budget reached, scheduling next batch. {"job_id":"38a3743a-2a07-4fe3-b9b4-4daec520c12a","elapsed":73.81,"time_budget":12,"batches_processed":1}
[2026-05-22T02:03:46+08:00] [INFO] Scheduled next batch with short interval. {"job_id":"38a3743a-2a07-4fe3-b9b4-4daec520c12a","interval":20,"next_run":1779386646,"stage":"packing"}
[2026-05-22T02:05:02+08:00] [WARNING] Packing batch exceeded time budget; shrinking batch limits for next tick. {"job_id":"38a3743a-2a07-4fe3-b9b4-4daec520c12a","time_budget":12,"batch_seconds":74.17,"entries":10,"bytes":5926,"next_max_files":10,"next_max_bytes":4194304}
[2026-05-22T02:05:02+08:00] [INFO] Time budget reached, scheduling next batch. {"job_id":"38a3743a-2a07-4fe3-b9b4-4daec520c12a","elapsed":74.18,"time_budget":12,"batches_processed":1}
[2026-05-22T02:05:02+08:00] [INFO] Scheduled next batch with short interval. {"job_id":"38a3743a-2a07-4fe3-b9b4-4daec520c12a","interval":18,"next_run":1779386720,"stage":"packing"}
[2026-05-22T02:06:26+08:00] [WARNING] Packing batch exceeded time budget; shrinking batch limits for next tick. {"job_id":"38a3743a-2a07-4fe3-b9b4-4daec520c12a","time_budget":12,"batch_seconds":73.83,"entries":10,"bytes":9116,"next_max_files":10,"next_max_bytes":4194304}
[2026-05-22T02:06:26+08:00] [INFO] Time budget reached, scheduling next batch. {"job_id":"38a3743a-2a07-4fe3-b9b4-4daec520c12a","elapsed":73.83,"time_budget":12,"batches_processed":1}
[2026-05-22T02:06:26+08:00] [INFO] Scheduled next batch with short interval. {"job_id":"38a3743a-2a07-4fe3-b9b4-4daec520c12a","interval":19,"next_run":1779386805,"stage":"packing"}
[2026-05-22T02:08:35+08:00] [WARNING] Packing batch exceeded time budget; shrinking batch limits for next tick. {"job_id":"38a3743a-2a07-4fe3-b9b4-4daec520c12a","time_budget":25,"batch_seconds":73.82,"entries":10,"bytes":48971,"next_max_files":10,"next_max_bytes":4194304}
[2026-05-22T02:08:35+08:00] [INFO] Time budget reached, scheduling next batch. {"job_id":"38a3743a-2a07-4fe3-b9b4-4daec520c12a","elapsed":73.82,"time_budget":25,"batches_processed":1}
[2026-05-22T02:08:35+08:00] [INFO] Scheduled next batch with short interval. {"job_id":"38a3743a-2a07-4fe3-b9b4-4daec520c12a","interval":15,"next_run":1779386930,"stage":"packing"}
[2026-05-22T02:33:58+08:00] [WARNING] Packing batch exceeded time budget; shrinking batch limits for next tick. {"job_id":"38a3743a-2a07-4fe3-b9b4-4daec520c12a","time_budget":25,"batch_seconds":73.83,"entries":10,"bytes":22064,"next_max_files":10,"next_max_bytes":4194304}
[2026-05-22T02:33:58+08:00] [INFO] Time budget reached, scheduling next batch. {"job_id":"38a3743a-2a07-4fe3-b9b4-4daec520c12a","elapsed":73.83,"time_budget":25,"batches_processed":1}
[2026-05-22T02:33:58+08:00] [INFO] Scheduled next batch with short interval. {"job_id":"38a3743a-2a07-4fe3-b9b4-4daec520c12a","interval":19,"next_run":1779388457,"stage":"packing"}
[2026-05-22T02:46:31+08:00] [WARNING] Packing batch exceeded time budget; shrinking batch limits for next tick. {"job_id":"38a3743a-2a07-4fe3-b9b4-4daec520c12a","time_budget":25,"batch_seconds":73.84,"entries":10,"bytes":5629,"next_max_files":10,"next_max_bytes":4194304}
[2026-05-22T02:46:31+08:00] [INFO] Time budget reached, scheduling next batch. {"job_id":"38a3743a-2a07-4fe3-b9b4-4daec520c12a","elapsed":73.84,"time_budget":25,"batches_processed":1}
[2026-05-22T02:46:31+08:00] [INFO] Scheduled next batch with short interval. {"job_id":"38a3743a-2a07-4fe3-b9b4-4daec520c12a","interval":13,"next_run":1779389204,"stage":"packing"}
[2026-05-22T03:08:51+08:00] [INFO] Museder RestoreOne build active. {"version":"2.7.263","build_id":"2.7.263-1","opcache":true}
[2026-05-22T03:08:51+08:00] [INFO] Museder RestoreOne build active. {"version":"2.7.263","build_id":"2.7.263-1","opcache":true}
[2026-05-22T03:10:07+08:00] [WARNING] Packing batch exceeded time budget; shrinking batch limits for next tick. {"job_id":"38a3743a-2a07-4fe3-b9b4-4daec520c12a","time_budget":25,"batch_seconds":73.92,"entries":10,"bytes":18968,"next_max_files":10,"next_max_bytes":4194304}
[2026-05-22T03:10:07+08:00] [INFO] Time budget reached, scheduling next batch. {"job_id":"38a3743a-2a07-4fe3-b9b4-4daec520c12a","elapsed":73.92,"time_budget":25,"batches_processed":1}
[2026-05-22T03:10:07+08:00] [INFO] Scheduled next batch with short interval. {"job_id":"38a3743a-2a07-4fe3-b9b4-4daec520c12a","interval":17,"next_run":1779390624,"stage":"packing"}
[2026-05-22T03:11:57+08:00] [WARNING] Packing batch exceeded time budget; shrinking batch limits for next tick. {"job_id":"38a3743a-2a07-4fe3-b9b4-4daec520c12a","time_budget":25,"batch_seconds":73.83,"entries":10,"bytes":9950,"next_max_files":10,"next_max_bytes":4194304}
[2026-05-22T03:11:57+08:00] [INFO] Time budget reached, scheduling next batch. {"job_id":"38a3743a-2a07-4fe3-b9b4-4daec520c12a","elapsed":73.83,"time_budget":25,"batches_processed":1}
[2026-05-22T03:11:57+08:00] [INFO] Scheduled next batch with short interval. {"job_id":"38a3743a-2a07-4fe3-b9b4-4daec520c12a","interval":11,"next_run":1779390728,"stage":"packing"}
[2026-05-22T03:13:35+08:00] [WARNING] Packing batch exceeded time budget; shrinking batch limits for next tick. {"job_id":"38a3743a-2a07-4fe3-b9b4-4daec520c12a","time_budget":25,"batch_seconds":73.83,"entries":10,"bytes":3616,"next_max_files":10,"next_max_bytes":4194304}
[2026-05-22T03:13:35+08:00] [INFO] Time budget reached, scheduling next batch. {"job_id":"38a3743a-2a07-4fe3-b9b4-4daec520c12a","elapsed":73.83,"time_budget":25,"batches_processed":1}
[2026-05-22T03:13:35+08:00] [INFO] Scheduled next batch with short interval. {"job_id":"38a3743a-2a07-4fe3-b9b4-4daec520c12a","interval":10,"next_run":1779390825,"stage":"packing"}
[2026-05-22T03:15:03+08:00] [WARNING] Packing batch exceeded time budget; shrinking batch limits for next tick. {"job_id":"38a3743a-2a07-4fe3-b9b4-4daec520c12a","time_budget":25,"batch_seconds":73.95,"entries":10,"bytes":3791,"next_max_files":10,"next_max_bytes":4194304}
[2026-05-22T03:15:03+08:00] [INFO] Time budget reached, scheduling next batch. {"job_id":"38a3743a-2a07-4fe3-b9b4-4daec520c12a","elapsed":73.97,"time_budget":25,"batches_processed":1}
[2026-05-22T03:15:03+08:00] [INFO] Scheduled next batch with short interval. {"job_id":"38a3743a-2a07-4fe3-b9b4-4daec520c12a","interval":12,"next_run":1779390915,"stage":"packing"}
[2026-05-22T03:16:46+08:00] [WARNING] Packing batch exceeded time budget; shrinking batch limits for next tick. {"job_id":"38a3743a-2a07-4fe3-b9b4-4daec520c12a","time_budget":25,"batch_seconds":73.83,"entries":10,"bytes":4064,"next_max_files":10,"next_max_bytes":4194304}
[2026-05-22T03:16:46+08:00] [INFO] Time budget reached, scheduling next batch. {"job_id":"38a3743a-2a07-4fe3-b9b4-4daec520c12a","elapsed":73.83,"time_budget":25,"batches_processed":1}
[2026-05-22T03:16:46+08:00] [INFO] Scheduled next batch with short interval. {"job_id":"38a3743a-2a07-4fe3-b9b4-4daec520c12a","interval":14,"next_run":1779391020,"stage":"packing"}
[2026-05-22T03:18:42+08:00] [WARNING] Packing batch exceeded time budget; shrinking batch limits for next tick. {"job_id":"38a3743a-2a07-4fe3-b9b4-4daec520c12a","time_budget":25,"batch_seconds":73.82,"entries":10,"bytes":3131,"next_max_files":10,"next_max_bytes":4194304}
[2026-05-22T03:18:42+08:00] [INFO] Time budget reached, scheduling next batch. {"job_id":"38a3743a-2a07-4fe3-b9b4-4daec520c12a","elapsed":73.82,"time_budget":25,"batches_processed":1}
[2026-05-22T03:18:42+08:00] [INFO] Scheduled next batch with short interval. {"job_id":"38a3743a-2a07-4fe3-b9b4-4daec520c12a","interval":13,"next_run":1779391135,"stage":"packing"}
[2026-05-22T03:20:14+08:00] [WARNING] Packing batch exceeded time budget; shrinking batch limits for next tick. {"job_id":"38a3743a-2a07-4fe3-b9b4-4daec520c12a","time_budget":25,"batch_seconds":73.81,"entries":10,"bytes":30348,"next_max_files":10,"next_max_bytes":4194304}
[2026-05-22T03:20:14+08:00] [INFO] Time budget reached, scheduling next batch. {"job_id":"38a3743a-2a07-4fe3-b9b4-4daec520c12a","elapsed":73.82,"time_budget":25,"batches_processed":1}
[2026-05-22T03:20:14+08:00] [INFO] Scheduled next batch with short interval. {"job_id":"38a3743a-2a07-4fe3-b9b4-4daec520c12a","interval":13,"next_run":1779391227,"stage":"packing"}
[2026-05-22T03:21:45+08:00] [WARNING] Packing batch exceeded time budget; shrinking batch limits for next tick. {"job_id":"38a3743a-2a07-4fe3-b9b4-4daec520c12a","time_budget":25,"batch_seconds":73.81,"entries":10,"bytes":6718,"next_max_files":10,"next_max_bytes":4194304}
[2026-05-22T03:21:45+08:00] [INFO] Time budget reached, scheduling next batch. {"job_id":"38a3743a-2a07-4fe3-b9b4-4daec520c12a","elapsed":73.81,"time_budget":25,"batches_processed":1}
[2026-05-22T03:21:45+08:00] [INFO] Scheduled next batch with short interval. {"job_id":"38a3743a-2a07-4fe3-b9b4-4daec520c12a","interval":15,"next_run":1779391320,"stage":"packing"}
[2026-05-22T03:23:29+08:00] [WARNING] Packing batch exceeded time budget; shrinking batch limits for next tick. {"job_id":"38a3743a-2a07-4fe3-b9b4-4daec520c12a","time_budget":25,"batch_seconds":73.82,"entries":10,"bytes":4258,"next_max_files":10,"next_max_bytes":4194304}
[2026-05-22T03:23:29+08:00] [INFO] Time budget reached, scheduling next batch. {"job_id":"38a3743a-2a07-4fe3-b9b4-4daec520c12a","elapsed":73.82,"time_budget":25,"batches_processed":1}
[2026-05-22T03:23:29+08:00] [INFO] Scheduled next batch with short interval. {"job_id":"38a3743a-2a07-4fe3-b9b4-4daec520c12a","interval":15,"next_run":1779391424,"stage":"packing"}
[2026-05-22T03:25:07+08:00] [WARNING] Packing batch exceeded time budget; shrinking batch limits for next tick. {"job_id":"38a3743a-2a07-4fe3-b9b4-4daec520c12a","time_budget":25,"batch_seconds":73.86,"entries":10,"bytes":16188,"next_max_files":10,"next_max_bytes":4194304}
[2026-05-22T03:25:07+08:00] [INFO] Time budget reached, scheduling next batch. {"job_id":"38a3743a-2a07-4fe3-b9b4-4daec520c12a","elapsed":73.86,"time_budget":25,"batches_processed":1}
[2026-05-22T03:25:07+08:00] [INFO] Scheduled next batch with short interval. {"job_id":"38a3743a-2a07-4fe3-b9b4-4daec520c12a","interval":13,"next_run":1779391520,"stage":"packing"}
[2026-05-22T03:26:39+08:00] [WARNING] Packing batch exceeded time budget; shrinking batch limits for next tick. {"job_id":"38a3743a-2a07-4fe3-b9b4-4daec520c12a","time_budget":25,"batch_seconds":73.84,"entries":10,"bytes":14399,"next_max_files":10,"next_max_bytes":4194304}
[2026-05-22T03:26:39+08:00] [INFO] Time budget reached, scheduling next batch. {"job_id":"38a3743a-2a07-4fe3-b9b4-4daec520c12a","elapsed":73.84,"time_budget":25,"batches_processed":1}
[2026-05-22T03:26:39+08:00] [INFO] Scheduled next batch with short interval. {"job_id":"38a3743a-2a07-4fe3-b9b4-4daec520c12a","interval":18,"next_run":1779391617,"stage":"packing"}
[2026-05-22T03:28:27+08:00] [WARNING] Packing batch exceeded time budget; shrinking batch limits for next tick. {"job_id":"38a3743a-2a07-4fe3-b9b4-4daec520c12a","time_budget":25,"batch_seconds":73.82,"entries":10,"bytes":3837,"next_max_files":10,"next_max_bytes":4194304}
[2026-05-22T03:28:27+08:00] [INFO] Time budget reached, scheduling next batch. {"job_id":"38a3743a-2a07-4fe3-b9b4-4daec520c12a","elapsed":73.82,"time_budget":25,"batches_processed":1}
[2026-05-22T03:28:27+08:00] [INFO] Scheduled next batch with short interval. {"job_id":"38a3743a-2a07-4fe3-b9b4-4daec520c12a","interval":20,"next_run":1779391727,"stage":"packing"}
[2026-05-22T03:30:25+08:00] [WARNING] Packing batch exceeded time budget; shrinking batch limits for next tick. {"job_id":"38a3743a-2a07-4fe3-b9b4-4daec520c12a","time_budget":25,"batch_seconds":73.82,"entries":10,"bytes":7652,"next_max_files":10,"next_max_bytes":4194304}
[2026-05-22T03:30:25+08:00] [INFO] Time budget reached, scheduling next batch. {"job_id":"38a3743a-2a07-4fe3-b9b4-4daec520c12a","elapsed":73.82,"time_budget":25,"batches_processed":1}
[2026-05-22T03:30:25+08:00] [INFO] Scheduled next batch with short interval. {"job_id":"38a3743a-2a07-4fe3-b9b4-4daec520c12a","interval":19,"next_run":1779391844,"stage":"packing"}
[2026-05-22T03:32:08+08:00] [WARNING] Packing batch exceeded time budget; shrinking batch limits for next tick. {"job_id":"38a3743a-2a07-4fe3-b9b4-4daec520c12a","time_budget":25,"batch_seconds":73.83,"entries":10,"bytes":4494,"next_max_files":10,"next_max_bytes":4194304}
[2026-05-22T03:32:08+08:00] [INFO] Time budget reached, scheduling next batch. {"job_id":"38a3743a-2a07-4fe3-b9b4-4daec520c12a","elapsed":73.83,"time_budget":25,"batches_processed":1}
[2026-05-22T03:32:08+08:00] [INFO] Scheduled next batch with short interval. {"job_id":"38a3743a-2a07-4fe3-b9b4-4daec520c12a","interval":18,"next_run":1779391946,"stage":"packing"}
[2026-05-22T03:33:50+08:00] [WARNING] Packing batch exceeded time budget; shrinking batch limits for next tick. {"job_id":"38a3743a-2a07-4fe3-b9b4-4daec520c12a","time_budget":25,"batch_seconds":73.84,"entries":10,"bytes":9254,"next_max_files":10,"next_max_bytes":4194304}
[2026-05-22T03:33:50+08:00] [INFO] Time budget reached, scheduling next batch. {"job_id":"38a3743a-2a07-4fe3-b9b4-4daec520c12a","elapsed":73.85,"time_budget":25,"batches_processed":1}
[2026-05-22T03:33:50+08:00] [INFO] Scheduled next batch with short interval. {"job_id":"38a3743a-2a07-4fe3-b9b4-4daec520c12a","interval":12,"next_run":1779392042,"stage":"packing"}
[2026-05-22T03:35:50+08:00] [WARNING] Packing batch exceeded time budget; shrinking batch limits for next tick. {"job_id":"38a3743a-2a07-4fe3-b9b4-4daec520c12a","time_budget":25,"batch_seconds":73.83,"entries":10,"bytes":29741,"next_max_files":10,"next_max_bytes":4194304}
[2026-05-22T03:35:50+08:00] [INFO] Time budget reached, scheduling next batch. {"job_id":"38a3743a-2a07-4fe3-b9b4-4daec520c12a","elapsed":73.83,"time_budget":25,"batches_processed":1}
[2026-05-22T03:35:50+08:00] [INFO] Scheduled next batch with short interval. {"job_id":"38a3743a-2a07-4fe3-b9b4-4daec520c12a","interval":20,"next_run":1779392170,"stage":"packing"}
[2026-05-22T03:37:25+08:00] [WARNING] Packing batch exceeded time budget; shrinking batch limits for next tick. {"job_id":"38a3743a-2a07-4fe3-b9b4-4daec520c12a","time_budget":25,"batch_seconds":73.85,"entries":10,"bytes":71108,"next_max_files":10,"next_max_bytes":4194304}
[2026-05-22T03:37:25+08:00] [INFO] Time budget reached, scheduling next batch. {"job_id":"38a3743a-2a07-4fe3-b9b4-4daec520c12a","elapsed":73.85,"time_budget":25,"batches_processed":1}
[2026-05-22T03:37:25+08:00] [INFO] Scheduled next batch with short interval. {"job_id":"38a3743a-2a07-4fe3-b9b4-4daec520c12a","interval":17,"next_run":1779392262,"stage":"packing"}
[2026-05-22T03:39:11+08:00] [WARNING] Packing batch exceeded time budget; shrinking batch limits for next tick. {"job_id":"38a3743a-2a07-4fe3-b9b4-4daec520c12a","time_budget":25,"batch_seconds":73.82,"entries":10,"bytes":11819,"next_max_files":10,"next_max_bytes":4194304}
[2026-05-22T03:39:11+08:00] [INFO] Time budget reached, scheduling next batch. {"job_id":"38a3743a-2a07-4fe3-b9b4-4daec520c12a","elapsed":73.82,"time_budget":25,"batches_processed":1}
[2026-05-22T03:39:11+08:00] [INFO] Scheduled next batch with short interval. {"job_id":"38a3743a-2a07-4fe3-b9b4-4daec520c12a","interval":13,"next_run":1779392364,"stage":"packing"}
[2026-05-22T03:41:05+08:00] [WARNING] Packing batch exceeded time budget; shrinking batch limits for next tick. {"job_id":"38a3743a-2a07-4fe3-b9b4-4daec520c12a","time_budget":25,"batch_seconds":73.83,"entries":10,"bytes":14039,"next_max_files":10,"next_max_bytes":4194304}
[2026-05-22T03:41:05+08:00] [INFO] Time budget reached, scheduling next batch. {"job_id":"38a3743a-2a07-4fe3-b9b4-4daec520c12a","elapsed":73.83,"time_budget":25,"batches_processed":1}
[2026-05-22T03:41:05+08:00] [INFO] Scheduled next batch with short interval. {"job_id":"38a3743a-2a07-4fe3-b9b4-4daec520c12a","interval":14,"next_run":1779392479,"stage":"packing"}
[2026-05-22T03:43:04+08:00] [WARNING] Packing batch exceeded time budget; shrinking batch limits for next tick. {"job_id":"38a3743a-2a07-4fe3-b9b4-4daec520c12a","time_budget":25,"batch_seconds":73.84,"entries":10,"bytes":4400,"next_max_files":10,"next_max_bytes":4194304}
[2026-05-22T03:43:04+08:00] [INFO] Time budget reached, scheduling next batch. {"job_id":"38a3743a-2a07-4fe3-b9b4-4daec520c12a","elapsed":73.84,"time_budget":25,"batches_processed":1}
[2026-05-22T03:43:04+08:00] [INFO] Scheduled next batch with short interval. {"job_id":"38a3743a-2a07-4fe3-b9b4-4daec520c12a","interval":19,"next_run":1779392603,"stage":"packing"}
[2026-05-22T03:44:41+08:00] [WARNING] Packing batch exceeded time budget; shrinking batch limits for next tick. {"job_id":"38a3743a-2a07-4fe3-b9b4-4daec520c12a","time_budget":25,"batch_seconds":73.83,"entries":10,"bytes":3736,"next_max_files":10,"next_max_bytes":4194304}
[2026-05-22T03:44:41+08:00] [INFO] Time budget reached, scheduling next batch. {"job_id":"38a3743a-2a07-4fe3-b9b4-4daec520c12a","elapsed":73.83,"time_budget":25,"batches_processed":1}
[2026-05-22T03:44:41+08:00] [INFO] Scheduled next batch with short interval. {"job_id":"38a3743a-2a07-4fe3-b9b4-4daec520c12a","interval":19,"next_run":1779392700,"stage":"packing"}
[2026-05-22T03:46:29+08:00] [WARNING] Packing batch exceeded time budget; shrinking batch limits for next tick. {"job_id":"38a3743a-2a07-4fe3-b9b4-4daec520c12a","time_budget":25,"batch_seconds":73.82,"entries":10,"bytes":10516,"next_max_files":10,"next_max_bytes":4194304}
[2026-05-22T03:46:29+08:00] [INFO] Time budget reached, scheduling next batch. {"job_id":"38a3743a-2a07-4fe3-b9b4-4daec520c12a","elapsed":73.82,"time_budget":25,"batches_processed":1}
[2026-05-22T03:46:29+08:00] [INFO] Scheduled next batch with short interval. {"job_id":"38a3743a-2a07-4fe3-b9b4-4daec520c12a","interval":11,"next_run":1779392800,"stage":"packing"}
[2026-05-22T03:48:24+08:00] [WARNING] Packing batch exceeded time budget; shrinking batch limits for next tick. {"job_id":"38a3743a-2a07-4fe3-b9b4-4daec520c12a","time_budget":25,"batch_seconds":73.84,"entries":10,"bytes":2267,"next_max_files":10,"next_max_bytes":4194304}
[2026-05-22T03:48:24+08:00] [INFO] Time budget reached, scheduling next batch. {"job_id":"38a3743a-2a07-4fe3-b9b4-4daec520c12a","elapsed":73.84,"time_budget":25,"batches_processed":1}
[2026-05-22T03:48:24+08:00] [INFO] Scheduled next batch with short interval. {"job_id":"38a3743a-2a07-4fe3-b9b4-4daec520c12a","interval":10,"next_run":1779392914,"stage":"packing"}
[2026-05-22T03:49:59+08:00] [WARNING] Packing batch exceeded time budget; shrinking batch limits for next tick. {"job_id":"38a3743a-2a07-4fe3-b9b4-4daec520c12a","time_budget":25,"batch_seconds":73.84,"entries":10,"bytes":6573,"next_max_files":10,"next_max_bytes":4194304}
[2026-05-22T03:49:59+08:00] [INFO] Time budget reached, scheduling next batch. {"job_id":"38a3743a-2a07-4fe3-b9b4-4daec520c12a","elapsed":73.84,"time_budget":25,"batches_processed":1}
[2026-05-22T03:49:59+08:00] [INFO] Scheduled next batch with short interval. {"job_id":"38a3743a-2a07-4fe3-b9b4-4daec520c12a","interval":14,"next_run":1779393013,"stage":"packing"}
[2026-05-22T03:58:46+08:00] [WARNING] Packing batch exceeded time budget; shrinking batch limits for next tick. {"job_id":"38a3743a-2a07-4fe3-b9b4-4daec520c12a","time_budget":25,"batch_seconds":73.83,"entries":10,"bytes":27164,"next_max_files":10,"next_max_bytes":4194304}
[2026-05-22T03:58:46+08:00] [INFO] Time budget reached, scheduling next batch. {"job_id":"38a3743a-2a07-4fe3-b9b4-4daec520c12a","elapsed":73.84,"time_budget":25,"batches_processed":1}
[2026-05-22T03:58:46+08:00] [INFO] Scheduled next batch with short interval. {"job_id":"38a3743a-2a07-4fe3-b9b4-4daec520c12a","interval":11,"next_run":1779393537,"stage":"packing"}
[2026-05-22T04:05:58+08:00] [WARNING] Packing batch exceeded time budget; shrinking batch limits for next tick. {"job_id":"38a3743a-2a07-4fe3-b9b4-4daec520c12a","time_budget":25,"batch_seconds":73.84,"entries":10,"bytes":26062,"next_max_files":10,"next_max_bytes":4194304}
[2026-05-22T04:05:58+08:00] [INFO] Time budget reached, scheduling next batch. {"job_id":"38a3743a-2a07-4fe3-b9b4-4daec520c12a","elapsed":73.84,"time_budget":25,"batches_processed":1}
[2026-05-22T04:05:58+08:00] [INFO] Scheduled next batch with short interval. {"job_id":"38a3743a-2a07-4fe3-b9b4-4daec520c12a","interval":18,"next_run":1779393976,"stage":"packing"}
[2026-05-22T04:11:21+08:00] [INFO] Museder RestoreOne build active. {"version":"2.7.263","build_id":"2.7.263-1","opcache":true}
[2026-05-22T04:11:21+08:00] [INFO] Museder RestoreOne build active. {"version":"2.7.263","build_id":"2.7.263-1","opcache":true}
[2026-05-22T04:12:45+08:00] [WARNING] Packing batch exceeded time budget; shrinking batch limits for next tick. {"job_id":"38a3743a-2a07-4fe3-b9b4-4daec520c12a","time_budget":25,"batch_seconds":73.83,"entries":10,"bytes":5447,"next_max_files":10,"next_max_bytes":4194304}
[2026-05-22T04:12:45+08:00] [INFO] Time budget reached, scheduling next batch. {"job_id":"38a3743a-2a07-4fe3-b9b4-4daec520c12a","elapsed":73.83,"time_budget":25,"batches_processed":1}
[2026-05-22T04:12:45+08:00] [INFO] Scheduled next batch with short interval. {"job_id":"38a3743a-2a07-4fe3-b9b4-4daec520c12a","interval":16,"next_run":1779394381,"stage":"packing"}
[2026-05-22T04:17:59+08:00] [WARNING] Packing batch exceeded time budget; shrinking batch limits for next tick. {"job_id":"38a3743a-2a07-4fe3-b9b4-4daec520c12a","time_budget":25,"batch_seconds":73.82,"entries":10,"bytes":6057,"next_max_files":10,"next_max_bytes":4194304}
[2026-05-22T04:17:59+08:00] [INFO] Time budget reached, scheduling next batch. {"job_id":"38a3743a-2a07-4fe3-b9b4-4daec520c12a","elapsed":73.82,"time_budget":25,"batches_processed":1}
[2026-05-22T04:17:59+08:00] [INFO] Scheduled next batch with short interval. {"job_id":"38a3743a-2a07-4fe3-b9b4-4daec520c12a","interval":11,"next_run":1779394690,"stage":"packing"}
[2026-05-22T04:25:44+08:00] [WARNING] Packing batch exceeded time budget; shrinking batch limits for next tick. {"job_id":"38a3743a-2a07-4fe3-b9b4-4daec520c12a","time_budget":25,"batch_seconds":73.83,"entries":10,"bytes":12708,"next_max_files":10,"next_max_bytes":4194304}
[2026-05-22T04:25:44+08:00] [INFO] Time budget reached, scheduling next batch. {"job_id":"38a3743a-2a07-4fe3-b9b4-4daec520c12a","elapsed":73.83,"time_budget":25,"batches_processed":1}
[2026-05-22T04:25:44+08:00] [INFO] Scheduled next batch with short interval. {"job_id":"38a3743a-2a07-4fe3-b9b4-4daec520c12a","interval":16,"next_run":1779395160,"stage":"packing"}
[2026-05-22T04:38:13+08:00] [WARNING] Packing batch exceeded time budget; shrinking batch limits for next tick. {"job_id":"38a3743a-2a07-4fe3-b9b4-4daec520c12a","time_budget":25,"batch_seconds":73.84,"entries":10,"bytes":1927,"next_max_files":10,"next_max_bytes":4194304}
[2026-05-22T04:38:13+08:00] [INFO] Time budget reached, scheduling next batch. {"job_id":"38a3743a-2a07-4fe3-b9b4-4daec520c12a","elapsed":73.85,"time_budget":25,"batches_processed":1}
[2026-05-22T04:38:13+08:00] [INFO] Scheduled next batch with short interval. {"job_id":"38a3743a-2a07-4fe3-b9b4-4daec520c12a","interval":11,"next_run":1779395904,"stage":"packing"}
[2026-05-22T04:47:57+08:00] [WARNING] Packing batch exceeded time budget; shrinking batch limits for next tick. {"job_id":"38a3743a-2a07-4fe3-b9b4-4daec520c12a","time_budget":25,"batch_seconds":73.85,"entries":10,"bytes":5373,"next_max_files":10,"next_max_bytes":4194304}
[2026-05-22T04:47:57+08:00] [INFO] Time budget reached, scheduling next batch. {"job_id":"38a3743a-2a07-4fe3-b9b4-4daec520c12a","elapsed":73.85,"time_budget":25,"batches_processed":1}
[2026-05-22T04:47:57+08:00] [INFO] Scheduled next batch with short interval. {"job_id":"38a3743a-2a07-4fe3-b9b4-4daec520c12a","interval":16,"next_run":1779396493,"stage":"packing"}
[2026-05-22T05:04:47+08:00] [WARNING] Packing batch exceeded time budget; shrinking batch limits for next tick. {"job_id":"38a3743a-2a07-4fe3-b9b4-4daec520c12a","time_budget":25,"batch_seconds":73.85,"entries":10,"bytes":7178,"next_max_files":10,"next_max_bytes":4194304}
[2026-05-22T05:04:47+08:00] [INFO] Time budget reached, scheduling next batch. {"job_id":"38a3743a-2a07-4fe3-b9b4-4daec520c12a","elapsed":73.85,"time_budget":25,"batches_processed":1}
[2026-05-22T05:04:47+08:00] [INFO] Scheduled next batch with short interval. {"job_id":"38a3743a-2a07-4fe3-b9b4-4daec520c12a","interval":17,"next_run":1779397504,"stage":"packing"}
[2026-05-22T05:19:00+08:00] [INFO] Museder RestoreOne build active. {"version":"2.7.263","build_id":"2.7.263-1","opcache":true}
[2026-05-22T05:20:25+08:00] [WARNING] Packing batch exceeded time budget; shrinking batch limits for next tick. {"job_id":"38a3743a-2a07-4fe3-b9b4-4daec520c12a","time_budget":25,"batch_seconds":73.85,"entries":10,"bytes":5169,"next_max_files":10,"next_max_bytes":4194304}
[2026-05-22T05:20:25+08:00] [INFO] Time budget reached, scheduling next batch. {"job_id":"38a3743a-2a07-4fe3-b9b4-4daec520c12a","elapsed":73.85,"time_budget":25,"batches_processed":1}
[2026-05-22T05:20:25+08:00] [INFO] Scheduled next batch with short interval. {"job_id":"38a3743a-2a07-4fe3-b9b4-4daec520c12a","interval":20,"next_run":1779398445,"stage":"packing"}
[2026-05-22T05:27:12+08:00] [WARNING] Packing batch exceeded time budget; shrinking batch limits for next tick. {"job_id":"38a3743a-2a07-4fe3-b9b4-4daec520c12a","time_budget":25,"batch_seconds":73.87,"entries":10,"bytes":7793,"next_max_files":10,"next_max_bytes":4194304}
[2026-05-22T05:27:12+08:00] [INFO] Time budget reached, scheduling next batch. {"job_id":"38a3743a-2a07-4fe3-b9b4-4daec520c12a","elapsed":73.87,"time_budget":25,"batches_processed":1}
[2026-05-22T05:27:12+08:00] [INFO] Scheduled next batch with short interval. {"job_id":"38a3743a-2a07-4fe3-b9b4-4daec520c12a","interval":11,"next_run":1779398843,"stage":"packing"}
[2026-05-22T05:30:53+08:00] [WARNING] Packing batch exceeded time budget; shrinking batch limits for next tick. {"job_id":"38a3743a-2a07-4fe3-b9b4-4daec520c12a","time_budget":25,"batch_seconds":73.85,"entries":10,"bytes":4869,"next_max_files":10,"next_max_bytes":4194304}
[2026-05-22T05:30:53+08:00] [INFO] Time budget reached, scheduling next batch. {"job_id":"38a3743a-2a07-4fe3-b9b4-4daec520c12a","elapsed":73.86,"time_budget":25,"batches_processed":1}
[2026-05-22T05:30:53+08:00] [INFO] Scheduled next batch with short interval. {"job_id":"38a3743a-2a07-4fe3-b9b4-4daec520c12a","interval":10,"next_run":1779399063,"stage":"packing"}
[2026-05-22T05:33:51+08:00] [WARNING] Packing batch exceeded time budget; shrinking batch limits for next tick. {"job_id":"38a3743a-2a07-4fe3-b9b4-4daec520c12a","time_budget":25,"batch_seconds":73.82,"entries":10,"bytes":3154,"next_max_files":10,"next_max_bytes":4194304}
[2026-05-22T05:33:51+08:00] [INFO] Time budget reached, scheduling next batch. {"job_id":"38a3743a-2a07-4fe3-b9b4-4daec520c12a","elapsed":73.82,"time_budget":25,"batches_processed":1}
[2026-05-22T05:33:51+08:00] [INFO] Scheduled next batch with short interval. {"job_id":"38a3743a-2a07-4fe3-b9b4-4daec520c12a","interval":18,"next_run":1779399249,"stage":"packing"}
[2026-05-22T05:44:18+08:00] [WARNING] Packing batch exceeded time budget; shrinking batch limits for next tick. {"job_id":"38a3743a-2a07-4fe3-b9b4-4daec520c12a","time_budget":25,"batch_seconds":73.83,"entries":10,"bytes":2557,"next_max_files":10,"next_max_bytes":4194304}
[2026-05-22T05:44:18+08:00] [INFO] Time budget reached, scheduling next batch. {"job_id":"38a3743a-2a07-4fe3-b9b4-4daec520c12a","elapsed":73.83,"time_budget":25,"batches_processed":1}
[2026-05-22T05:44:18+08:00] [INFO] Scheduled next batch with short interval. {"job_id":"38a3743a-2a07-4fe3-b9b4-4daec520c12a","interval":10,"next_run":1779399868,"stage":"packing"}
[2026-05-22T05:57:32+08:00] [WARNING] Packing batch exceeded time budget; shrinking batch limits for next tick. {"job_id":"38a3743a-2a07-4fe3-b9b4-4daec520c12a","time_budget":25,"batch_seconds":73.85,"entries":10,"bytes":3243,"next_max_files":10,"next_max_bytes":4194304}
[2026-05-22T05:57:32+08:00] [INFO] Time budget reached, scheduling next batch. {"job_id":"38a3743a-2a07-4fe3-b9b4-4daec520c12a","elapsed":73.85,"time_budget":25,"batches_processed":1}
[2026-05-22T05:57:32+08:00] [INFO] Scheduled next batch with short interval. {"job_id":"38a3743a-2a07-4fe3-b9b4-4daec520c12a","interval":14,"next_run":1779400666,"stage":"packing"}
[2026-05-22T06:12:45+08:00] [WARNING] Packing batch exceeded time budget; shrinking batch limits for next tick. {"job_id":"38a3743a-2a07-4fe3-b9b4-4daec520c12a","time_budget":25,"batch_seconds":73.83,"entries":10,"bytes":5324,"next_max_files":10,"next_max_bytes":4194304}
[2026-05-22T06:12:45+08:00] [INFO] Time budget reached, scheduling next batch. {"job_id":"38a3743a-2a07-4fe3-b9b4-4daec520c12a","elapsed":73.83,"time_budget":25,"batches_processed":1}
[2026-05-22T06:12:45+08:00] [INFO] Scheduled next batch with short interval. {"job_id":"38a3743a-2a07-4fe3-b9b4-4daec520c12a","interval":10,"next_run":1779401575,"stage":"packing"}
[2026-05-22T06:44:45+08:00] [INFO] Museder RestoreOne build active. {"version":"2.7.263","build_id":"2.7.263-1","opcache":true}
[2026-05-22T07:23:37+08:00] [WARNING] Packing batch exceeded time budget; shrinking batch limits for next tick. {"job_id":"38a3743a-2a07-4fe3-b9b4-4daec520c12a","time_budget":25,"batch_seconds":74.35,"entries":10,"bytes":19931,"next_max_files":10,"next_max_bytes":4194304}
[2026-05-22T07:23:37+08:00] [INFO] Time budget reached, scheduling next batch. {"job_id":"38a3743a-2a07-4fe3-b9b4-4daec520c12a","elapsed":74.35,"time_budget":25,"batches_processed":1}
[2026-05-22T07:23:37+08:00] [INFO] Scheduled next batch with short interval. {"job_id":"38a3743a-2a07-4fe3-b9b4-4daec520c12a","interval":16,"next_run":1779405833,"stage":"packing"}
[2026-05-22T07:41:05+08:00] [WARNING] Packing batch exceeded time budget; shrinking batch limits for next tick. {"job_id":"38a3743a-2a07-4fe3-b9b4-4daec520c12a","time_budget":25,"batch_seconds":73.86,"entries":10,"bytes":42265,"next_max_files":10,"next_max_bytes":4194304}
[2026-05-22T07:41:05+08:00] [INFO] Time budget reached, scheduling next batch. {"job_id":"38a3743a-2a07-4fe3-b9b4-4daec520c12a","elapsed":73.86,"time_budget":25,"batches_processed":1}
[2026-05-22T07:41:05+08:00] [INFO] Scheduled next batch with short interval. {"job_id":"38a3743a-2a07-4fe3-b9b4-4daec520c12a","interval":13,"next_run":1779406878,"stage":"packing"}
[2026-05-22T07:43:01+08:00] [WARNING] Packing batch exceeded time budget; shrinking batch limits for next tick. {"job_id":"38a3743a-2a07-4fe3-b9b4-4daec520c12a","time_budget":25,"batch_seconds":73.84,"entries":10,"bytes":22778,"next_max_files":10,"next_max_bytes":4194304}
[2026-05-22T07:43:01+08:00] [INFO] Time budget reached, scheduling next batch. {"job_id":"38a3743a-2a07-4fe3-b9b4-4daec520c12a","elapsed":73.84,"time_budget":25,"batches_processed":1}
[2026-05-22T07:43:01+08:00] [INFO] Scheduled next batch with short interval. {"job_id":"38a3743a-2a07-4fe3-b9b4-4daec520c12a","interval":19,"next_run":1779407000,"stage":"packing"}
[2026-05-22T07:45:49+08:00] [WARNING] Packing batch exceeded time budget; shrinking batch limits for next tick. {"job_id":"38a3743a-2a07-4fe3-b9b4-4daec520c12a","time_budget":25,"batch_seconds":73.84,"entries":10,"bytes":5001,"next_max_files":10,"next_max_bytes":4194304}
[2026-05-22T07:45:49+08:00] [INFO] Time budget reached, scheduling next batch. {"job_id":"38a3743a-2a07-4fe3-b9b4-4daec520c12a","elapsed":73.84,"time_budget":25,"batches_processed":1}
[2026-05-22T07:45:49+08:00] [INFO] Scheduled next batch with short interval. {"job_id":"38a3743a-2a07-4fe3-b9b4-4daec520c12a","interval":19,"next_run":1779407168,"stage":"packing"}
[2026-05-22T07:50:46+08:00] [INFO] Museder RestoreOne build active. {"version":"2.7.263","build_id":"2.7.263-1","opcache":true}
[2026-05-22T07:52:10+08:00] [WARNING] Packing batch exceeded time budget; shrinking batch limits for next tick. {"job_id":"38a3743a-2a07-4fe3-b9b4-4daec520c12a","time_budget":25,"batch_seconds":73.82,"entries":10,"bytes":3676,"next_max_files":10,"next_max_bytes":4194304}
[2026-05-22T07:52:10+08:00] [INFO] Time budget reached, scheduling next batch. {"job_id":"38a3743a-2a07-4fe3-b9b4-4daec520c12a","elapsed":73.82,"time_budget":25,"batches_processed":1}
[2026-05-22T07:52:10+08:00] [INFO] Scheduled next batch with short interval. {"job_id":"38a3743a-2a07-4fe3-b9b4-4daec520c12a","interval":18,"next_run":1779407548,"stage":"packing"}
[2026-05-22T07:57:26+08:00] [WARNING] Packing batch exceeded time budget; shrinking batch limits for next tick. {"job_id":"38a3743a-2a07-4fe3-b9b4-4daec520c12a","time_budget":25,"batch_seconds":74.46,"entries":10,"bytes":5529,"next_max_files":10,"next_max_bytes":4194304}
[2026-05-22T07:57:26+08:00] [INFO] Time budget reached, scheduling next batch. {"job_id":"38a3743a-2a07-4fe3-b9b4-4daec520c12a","elapsed":74.46,"time_budget":25,"batches_processed":1}
[2026-05-22T07:57:26+08:00] [INFO] Scheduled next batch with short interval. {"job_id":"38a3743a-2a07-4fe3-b9b4-4daec520c12a","interval":20,"next_run":1779407866,"stage":"packing"}
[2026-05-22T07:59:13+08:00] [WARNING] Packing batch exceeded time budget; shrinking batch limits for next tick. {"job_id":"38a3743a-2a07-4fe3-b9b4-4daec520c12a","time_budget":25,"batch_seconds":73.82,"entries":10,"bytes":7700,"next_max_files":10,"next_max_bytes":4194304}
[2026-05-22T07:59:13+08:00] [INFO] Time budget reached, scheduling next batch. {"job_id":"38a3743a-2a07-4fe3-b9b4-4daec520c12a","elapsed":73.82,"time_budget":25,"batches_processed":1}
[2026-05-22T07:59:13+08:00] [INFO] Scheduled next batch with short interval. {"job_id":"38a3743a-2a07-4fe3-b9b4-4daec520c12a","interval":15,"next_run":1779407968,"stage":"packing"}
[2026-05-22T08:50:54+08:00] [INFO] Museder RestoreOne build active. {"version":"2.7.263","build_id":"2.7.263-1","opcache":true}
[2026-05-22T08:51:42+08:00] [WARNING] Packing batch exceeded time budget; shrinking batch limits for next tick. {"job_id":"38a3743a-2a07-4fe3-b9b4-4daec520c12a","time_budget":25,"batch_seconds":73.86,"entries":10,"bytes":2586,"next_max_files":10,"next_max_bytes":4194304}
[2026-05-22T08:51:42+08:00] [INFO] Time budget reached, scheduling next batch. {"job_id":"38a3743a-2a07-4fe3-b9b4-4daec520c12a","elapsed":73.86,"time_budget":25,"batches_processed":1}
[2026-05-22T08:51:42+08:00] [INFO] Scheduled next batch with short interval. {"job_id":"38a3743a-2a07-4fe3-b9b4-4daec520c12a","interval":14,"next_run":1779411116,"stage":"packing"}
[2026-05-22T08:56:59+08:00] [WARNING] Packing batch exceeded time budget; shrinking batch limits for next tick. {"job_id":"38a3743a-2a07-4fe3-b9b4-4daec520c12a","time_budget":25,"batch_seconds":73.84,"entries":10,"bytes":3967,"next_max_files":10,"next_max_bytes":4194304}
[2026-05-22T08:56:59+08:00] [INFO] Time budget reached, scheduling next batch. {"job_id":"38a3743a-2a07-4fe3-b9b4-4daec520c12a","elapsed":73.84,"time_budget":25,"batches_processed":1}
[2026-05-22T08:56:59+08:00] [INFO] Scheduled next batch with short interval. {"job_id":"38a3743a-2a07-4fe3-b9b4-4daec520c12a","interval":11,"next_run":1779411430,"stage":"packing"}
[2026-05-22T10:18:22+08:00] [INFO] Museder RestoreOne build active. {"version":"2.7.263","build_id":"2.7.263-1","opcache":true}
[2026-05-22T10:19:37+08:00] [WARNING] Packing batch exceeded time budget; shrinking batch limits for next tick. {"job_id":"38a3743a-2a07-4fe3-b9b4-4daec520c12a","time_budget":25,"batch_seconds":73.85,"entries":10,"bytes":13739,"next_max_files":10,"next_max_bytes":4194304}
[2026-05-22T10:19:37+08:00] [INFO] Time budget reached, scheduling next batch. {"job_id":"38a3743a-2a07-4fe3-b9b4-4daec520c12a","elapsed":73.85,"time_budget":25,"batches_processed":1}
[2026-05-22T10:19:37+08:00] [INFO] Scheduled next batch with short interval. {"job_id":"38a3743a-2a07-4fe3-b9b4-4daec520c12a","interval":17,"next_run":1779416394,"stage":"packing"}
[2026-05-22T10:39:30+08:00] [WARNING] Packing batch exceeded time budget; shrinking batch limits for next tick. {"job_id":"38a3743a-2a07-4fe3-b9b4-4daec520c12a","time_budget":25,"batch_seconds":73.97,"entries":10,"bytes":8043,"next_max_files":10,"next_max_bytes":4194304}
[2026-05-22T10:39:30+08:00] [INFO] Time budget reached, scheduling next batch. {"job_id":"38a3743a-2a07-4fe3-b9b4-4daec520c12a","elapsed":73.97,"time_budget":25,"batches_processed":1}
[2026-05-22T10:39:30+08:00] [INFO] Scheduled next batch with short interval. {"job_id":"38a3743a-2a07-4fe3-b9b4-4daec520c12a","interval":15,"next_run":1779417585,"stage":"packing"}
[2026-05-22T10:59:09+08:00] [WARNING] Packing batch exceeded time budget; shrinking batch limits for next tick. {"job_id":"38a3743a-2a07-4fe3-b9b4-4daec520c12a","time_budget":25,"batch_seconds":73.85,"entries":10,"bytes":44220,"next_max_files":10,"next_max_bytes":4194304}
[2026-05-22T10:59:09+08:00] [INFO] Time budget reached, scheduling next batch. {"job_id":"38a3743a-2a07-4fe3-b9b4-4daec520c12a","elapsed":73.85,"time_budget":25,"batches_processed":1}
[2026-05-22T10:59:09+08:00] [INFO] Scheduled next batch with short interval. {"job_id":"38a3743a-2a07-4fe3-b9b4-4daec520c12a","interval":19,"next_run":1779418768,"stage":"packing"}
[2026-05-22T11:00:56+08:00] [WARNING] Packing batch exceeded time budget; shrinking batch limits for next tick. {"job_id":"38a3743a-2a07-4fe3-b9b4-4daec520c12a","time_budget":25,"batch_seconds":73.85,"entries":10,"bytes":18973,"next_max_files":10,"next_max_bytes":4194304}
[2026-05-22T11:00:56+08:00] [INFO] Time budget reached, scheduling next batch. {"job_id":"38a3743a-2a07-4fe3-b9b4-4daec520c12a","elapsed":73.85,"time_budget":25,"batches_processed":1}
[2026-05-22T11:00:56+08:00] [INFO] Scheduled next batch with short interval. {"job_id":"38a3743a-2a07-4fe3-b9b4-4daec520c12a","interval":20,"next_run":1779418876,"stage":"packing"}
[2026-05-22T11:09:39+08:00] [WARNING] Packing batch exceeded time budget; shrinking batch limits for next tick. {"job_id":"38a3743a-2a07-4fe3-b9b4-4daec520c12a","time_budget":25,"batch_seconds":73.85,"entries":10,"bytes":5626,"next_max_files":10,"next_max_bytes":4194304}
[2026-05-22T11:09:39+08:00] [INFO] Time budget reached, scheduling next batch. {"job_id":"38a3743a-2a07-4fe3-b9b4-4daec520c12a","elapsed":73.86,"time_budget":25,"batches_processed":1}
[2026-05-22T11:09:39+08:00] [INFO] Scheduled next batch with short interval. {"job_id":"38a3743a-2a07-4fe3-b9b4-4daec520c12a","interval":17,"next_run":1779419396,"stage":"packing"}
[2026-05-22T11:11:25+08:00] [WARNING] Packing batch exceeded time budget; shrinking batch limits for next tick. {"job_id":"38a3743a-2a07-4fe3-b9b4-4daec520c12a","time_budget":25,"batch_seconds":73.9,"entries":10,"bytes":22882,"next_max_files":10,"next_max_bytes":4194304}
[2026-05-22T11:11:25+08:00] [INFO] Time budget reached, scheduling next batch. {"job_id":"38a3743a-2a07-4fe3-b9b4-4daec520c12a","elapsed":73.9,"time_budget":25,"batches_processed":1}
[2026-05-22T11:11:25+08:00] [INFO] Scheduled next batch with short interval. {"job_id":"38a3743a-2a07-4fe3-b9b4-4daec520c12a","interval":16,"next_run":1779419501,"stage":"packing"}
[2026-05-22T11:22:08+08:00] [INFO] Museder RestoreOne build active. {"version":"2.7.263","build_id":"2.7.263-1","opcache":true}
[2026-05-22T11:23:23+08:00] [WARNING] Packing batch exceeded time budget; shrinking batch limits for next tick. {"job_id":"38a3743a-2a07-4fe3-b9b4-4daec520c12a","time_budget":25,"batch_seconds":73.85,"entries":10,"bytes":109283,"next_max_files":10,"next_max_bytes":4194304}
[2026-05-22T11:23:23+08:00] [INFO] Time budget reached, scheduling next batch. {"job_id":"38a3743a-2a07-4fe3-b9b4-4daec520c12a","elapsed":73.86,"time_budget":25,"batches_processed":1}
[2026-05-22T11:23:23+08:00] [INFO] Scheduled next batch with short interval. {"job_id":"38a3743a-2a07-4fe3-b9b4-4daec520c12a","interval":17,"next_run":1779420220,"stage":"packing"}
[2026-05-22T11:26:21+08:00] [WARNING] Packing batch exceeded time budget; shrinking batch limits for next tick. {"job_id":"38a3743a-2a07-4fe3-b9b4-4daec520c12a","time_budget":25,"batch_seconds":73.85,"entries":10,"bytes":140655,"next_max_files":10,"next_max_bytes":4194304}
[2026-05-22T11:26:21+08:00] [INFO] Time budget reached, scheduling next batch. {"job_id":"38a3743a-2a07-4fe3-b9b4-4daec520c12a","elapsed":73.85,"time_budget":25,"batches_processed":1}
[2026-05-22T11:26:21+08:00] [INFO] Scheduled next batch with short interval. {"job_id":"38a3743a-2a07-4fe3-b9b4-4daec520c12a","interval":10,"next_run":1779420391,"stage":"packing"}
[2026-05-22T11:51:54+08:00] [WARNING] Packing batch exceeded time budget; shrinking batch limits for next tick. {"job_id":"38a3743a-2a07-4fe3-b9b4-4daec520c12a","time_budget":25,"batch_seconds":73.86,"entries":10,"bytes":241425,"next_max_files":10,"next_max_bytes":4194304}
[2026-05-22T11:51:54+08:00] [INFO] Time budget reached, scheduling next batch. {"job_id":"38a3743a-2a07-4fe3-b9b4-4daec520c12a","elapsed":73.86,"time_budget":25,"batches_processed":1}
[2026-05-22T11:51:54+08:00] [INFO] Scheduled next batch with short interval. {"job_id":"38a3743a-2a07-4fe3-b9b4-4daec520c12a","interval":17,"next_run":1779421931,"stage":"packing"}
[2026-05-22T11:56:50+08:00] [WARNING] Packing batch exceeded time budget; shrinking batch limits for next tick. {"job_id":"38a3743a-2a07-4fe3-b9b4-4daec520c12a","time_budget":25,"batch_seconds":73.85,"entries":10,"bytes":207561,"next_max_files":10,"next_max_bytes":4194304}
[2026-05-22T11:56:50+08:00] [INFO] Time budget reached, scheduling next batch. {"job_id":"38a3743a-2a07-4fe3-b9b4-4daec520c12a","elapsed":73.85,"time_budget":25,"batches_processed":1}
[2026-05-22T11:56:50+08:00] [INFO] Scheduled next batch with short interval. {"job_id":"38a3743a-2a07-4fe3-b9b4-4daec520c12a","interval":11,"next_run":1779422221,"stage":"packing"}
[2026-05-22T12:00:59+08:00] [WARNING] Packing batch exceeded time budget; shrinking batch limits for next tick. {"job_id":"38a3743a-2a07-4fe3-b9b4-4daec520c12a","time_budget":25,"batch_seconds":73.91,"entries":10,"bytes":237344,"next_max_files":10,"next_max_bytes":4194304}
[2026-05-22T12:00:59+08:00] [INFO] Time budget reached, scheduling next batch. {"job_id":"38a3743a-2a07-4fe3-b9b4-4daec520c12a","elapsed":73.91,"time_budget":25,"batches_processed":1}
[2026-05-22T12:00:59+08:00] [INFO] Scheduled next batch with short interval. {"job_id":"38a3743a-2a07-4fe3-b9b4-4daec520c12a","interval":18,"next_run":1779422477,"stage":"packing"}
[2026-05-22T12:05:20+08:00] [WARNING] Packing batch exceeded time budget; shrinking batch limits for next tick. {"job_id":"38a3743a-2a07-4fe3-b9b4-4daec520c12a","time_budget":25,"batch_seconds":73.86,"entries":10,"bytes":68104,"next_max_files":10,"next_max_bytes":4194304}
[2026-05-22T12:05:20+08:00] [INFO] Time budget reached, scheduling next batch. {"job_id":"38a3743a-2a07-4fe3-b9b4-4daec520c12a","elapsed":73.87,"time_budget":25,"batches_processed":1}
[2026-05-22T12:05:20+08:00] [INFO] Scheduled next batch with short interval. {"job_id":"38a3743a-2a07-4fe3-b9b4-4daec520c12a","interval":16,"next_run":1779422736,"stage":"packing"}
[2026-05-22T12:08:11+08:00] [WARNING] Packing batch exceeded time budget; shrinking batch limits for next tick. {"job_id":"38a3743a-2a07-4fe3-b9b4-4daec520c12a","time_budget":25,"batch_seconds":73.88,"entries":10,"bytes":108469,"next_max_files":10,"next_max_bytes":4194304}
[2026-05-22T12:08:11+08:00] [INFO] Time budget reached, scheduling next batch. {"job_id":"38a3743a-2a07-4fe3-b9b4-4daec520c12a","elapsed":73.88,"time_budget":25,"batches_processed":1}
[2026-05-22T12:08:11+08:00] [INFO] Scheduled next batch with short interval. {"job_id":"38a3743a-2a07-4fe3-b9b4-4daec520c12a","interval":20,"next_run":1779422911,"stage":"packing"}
[2026-05-22T12:10:44+08:00] [WARNING] Packing batch exceeded time budget; shrinking batch limits for next tick. {"job_id":"38a3743a-2a07-4fe3-b9b4-4daec520c12a","time_budget":25,"batch_seconds":73.92,"entries":10,"bytes":306809,"next_max_files":10,"next_max_bytes":4194304}
[2026-05-22T12:10:44+08:00] [INFO] Time budget reached, scheduling next batch. {"job_id":"38a3743a-2a07-4fe3-b9b4-4daec520c12a","elapsed":73.92,"time_budget":25,"batches_processed":1}
[2026-05-22T12:10:44+08:00] [INFO] Scheduled next batch with short interval. {"job_id":"38a3743a-2a07-4fe3-b9b4-4daec520c12a","interval":12,"next_run":1779423056,"stage":"packing"}
[2026-05-22T12:14:59+08:00] [WARNING] Packing batch exceeded time budget; shrinking batch limits for next tick. {"job_id":"38a3743a-2a07-4fe3-b9b4-4daec520c12a","time_budget":25,"batch_seconds":73.89,"entries":10,"bytes":19935,"next_max_files":10,"next_max_bytes":4194304}
[2026-05-22T12:14:59+08:00] [INFO] Time budget reached, scheduling next batch. {"job_id":"38a3743a-2a07-4fe3-b9b4-4daec520c12a","elapsed":73.89,"time_budget":25,"batches_processed":1}
[2026-05-22T12:14:59+08:00] [INFO] Scheduled next batch with short interval. {"job_id":"38a3743a-2a07-4fe3-b9b4-4daec520c12a","interval":13,"next_run":1779423312,"stage":"packing"}
[2026-05-22T12:22:32+08:00] [WARNING] Packing batch exceeded time budget; shrinking batch limits for next tick. {"job_id":"38a3743a-2a07-4fe3-b9b4-4daec520c12a","time_budget":25,"batch_seconds":73.9,"entries":10,"bytes":53057,"next_max_files":10,"next_max_bytes":4194304}
[2026-05-22T12:22:32+08:00] [INFO] Time budget reached, scheduling next batch. {"job_id":"38a3743a-2a07-4fe3-b9b4-4daec520c12a","elapsed":73.9,"time_budget":25,"batches_processed":1}
[2026-05-22T12:22:32+08:00] [INFO] Scheduled next batch with short interval. {"job_id":"38a3743a-2a07-4fe3-b9b4-4daec520c12a","interval":12,"next_run":1779423764,"stage":"packing"}
[2026-05-22T12:32:13+08:00] [INFO] Museder RestoreOne build active. {"version":"2.7.263","build_id":"2.7.263-1","opcache":true}
[2026-05-22T12:32:15+08:00] [INFO] Museder RestoreOne build active. {"version":"2.7.263","build_id":"2.7.263-1","opcache":true}
[2026-05-22T12:33:38+08:00] [WARNING] Packing batch exceeded time budget; shrinking batch limits for next tick. {"job_id":"38a3743a-2a07-4fe3-b9b4-4daec520c12a","time_budget":25,"batch_seconds":73.98,"entries":10,"bytes":401322,"next_max_files":10,"next_max_bytes":4194304}
[2026-05-22T12:33:38+08:00] [INFO] Time budget reached, scheduling next batch. {"job_id":"38a3743a-2a07-4fe3-b9b4-4daec520c12a","elapsed":73.99,"time_budget":25,"batches_processed":1}
[2026-05-22T12:33:38+08:00] [INFO] Scheduled next batch with short interval. {"job_id":"38a3743a-2a07-4fe3-b9b4-4daec520c12a","interval":15,"next_run":1779424433,"stage":"packing"}
[2026-05-22T12:38:52+08:00] [WARNING] Packing batch exceeded time budget; shrinking batch limits for next tick. {"job_id":"38a3743a-2a07-4fe3-b9b4-4daec520c12a","time_budget":25,"batch_seconds":73.97,"entries":10,"bytes":213928,"next_max_files":10,"next_max_bytes":4194304}
[2026-05-22T12:38:52+08:00] [INFO] Time budget reached, scheduling next batch. {"job_id":"38a3743a-2a07-4fe3-b9b4-4daec520c12a","elapsed":73.97,"time_budget":25,"batches_processed":1}
[2026-05-22T12:38:52+08:00] [INFO] Scheduled next batch with short interval. {"job_id":"38a3743a-2a07-4fe3-b9b4-4daec520c12a","interval":11,"next_run":1779424743,"stage":"packing"}
[2026-05-22T12:46:10+08:00] [WARNING] Packing batch exceeded time budget; shrinking batch limits for next tick. {"job_id":"38a3743a-2a07-4fe3-b9b4-4daec520c12a","time_budget":25,"batch_seconds":74,"entries":10,"bytes":657988,"next_max_files":10,"next_max_bytes":4194304}
[2026-05-22T12:46:10+08:00] [INFO] Time budget reached, scheduling next batch. {"job_id":"38a3743a-2a07-4fe3-b9b4-4daec520c12a","elapsed":74.01,"time_budget":25,"batches_processed":1}
[2026-05-22T12:46:10+08:00] [INFO] Scheduled next batch with short interval. {"job_id":"38a3743a-2a07-4fe3-b9b4-4daec520c12a","interval":18,"next_run":1779425188,"stage":"packing"}
[2026-05-22T12:53:16+08:00] [WARNING] Packing batch exceeded time budget; shrinking batch limits for next tick. {"job_id":"38a3743a-2a07-4fe3-b9b4-4daec520c12a","time_budget":25,"batch_seconds":74,"entries":10,"bytes":401811,"next_max_files":10,"next_max_bytes":4194304}
[2026-05-22T12:53:16+08:00] [INFO] Time budget reached, scheduling next batch. {"job_id":"38a3743a-2a07-4fe3-b9b4-4daec520c12a","elapsed":74,"time_budget":25,"batches_processed":1}
[2026-05-22T12:53:16+08:00] [INFO] Scheduled next batch with short interval. {"job_id":"38a3743a-2a07-4fe3-b9b4-4daec520c12a","interval":20,"next_run":1779425616,"stage":"packing"}
[2026-05-22T12:57:54+08:00] [WARNING] Packing batch exceeded time budget; shrinking batch limits for next tick. {"job_id":"38a3743a-2a07-4fe3-b9b4-4daec520c12a","time_budget":25,"batch_seconds":74.01,"entries":10,"bytes":317082,"next_max_files":10,"next_max_bytes":4194304}
[2026-05-22T12:57:54+08:00] [INFO] Time budget reached, scheduling next batch. {"job_id":"38a3743a-2a07-4fe3-b9b4-4daec520c12a","elapsed":74.01,"time_budget":25,"batches_processed":1}
[2026-05-22T12:57:54+08:00] [INFO] Scheduled next batch with short interval. {"job_id":"38a3743a-2a07-4fe3-b9b4-4daec520c12a","interval":20,"next_run":1779425894,"stage":"packing"}
[2026-05-22T13:01:07+08:00] [WARNING] Packing batch exceeded time budget; shrinking batch limits for next tick. {"job_id":"38a3743a-2a07-4fe3-b9b4-4daec520c12a","time_budget":25,"batch_seconds":74.05,"entries":10,"bytes":436123,"next_max_files":10,"next_max_bytes":4194304}
[2026-05-22T13:01:07+08:00] [INFO] Time budget reached, scheduling next batch. {"job_id":"38a3743a-2a07-4fe3-b9b4-4daec520c12a","elapsed":74.05,"time_budget":25,"batches_processed":1}
[2026-05-22T13:01:07+08:00] [INFO] Scheduled next batch with short interval. {"job_id":"38a3743a-2a07-4fe3-b9b4-4daec520c12a","interval":15,"next_run":1779426082,"stage":"packing"}
[2026-05-22T13:03:40+08:00] [WARNING] Packing batch exceeded time budget; shrinking batch limits for next tick. {"job_id":"38a3743a-2a07-4fe3-b9b4-4daec520c12a","time_budget":25,"batch_seconds":74.04,"entries":10,"bytes":239193,"next_max_files":10,"next_max_bytes":4194304}
[2026-05-22T13:03:40+08:00] [INFO] Time budget reached, scheduling next batch. {"job_id":"38a3743a-2a07-4fe3-b9b4-4daec520c12a","elapsed":74.05,"time_budget":25,"batches_processed":1}
[2026-05-22T13:03:40+08:00] [INFO] Scheduled next batch with short interval. {"job_id":"38a3743a-2a07-4fe3-b9b4-4daec520c12a","interval":17,"next_run":1779426237,"stage":"packing"}
[2026-05-22T13:05:50+08:00] [WARNING] Packing batch exceeded time budget; shrinking batch limits for next tick. {"job_id":"38a3743a-2a07-4fe3-b9b4-4daec520c12a","time_budget":25,"batch_seconds":74.09,"entries":10,"bytes":377399,"next_max_files":10,"next_max_bytes":4194304}
[2026-05-22T13:05:50+08:00] [INFO] Time budget reached, scheduling next batch. {"job_id":"38a3743a-2a07-4fe3-b9b4-4daec520c12a","elapsed":74.1,"time_budget":25,"batches_processed":1}
[2026-05-22T13:05:50+08:00] [INFO] Scheduled next batch with short interval. {"job_id":"38a3743a-2a07-4fe3-b9b4-4daec520c12a","interval":15,"next_run":1779426365,"stage":"packing"}
[2026-05-22T13:10:26+08:00] [WARNING] Packing batch exceeded time budget; shrinking batch limits for next tick. {"job_id":"38a3743a-2a07-4fe3-b9b4-4daec520c12a","time_budget":25,"batch_seconds":74.26,"entries":10,"bytes":1055741,"next_max_files":10,"next_max_bytes":4194304}
[2026-05-22T13:10:26+08:00] [INFO] Time budget reached, scheduling next batch. {"job_id":"38a3743a-2a07-4fe3-b9b4-4daec520c12a","elapsed":74.26,"time_budget":25,"batches_processed":1}
[2026-05-22T13:10:26+08:00] [INFO] Scheduled next batch with short interval. {"job_id":"38a3743a-2a07-4fe3-b9b4-4daec520c12a","interval":16,"next_run":1779426642,"stage":"packing"}
[2026-05-22T13:12:16+08:00] [WARNING] Packing batch exceeded time budget; shrinking batch limits for next tick. {"job_id":"38a3743a-2a07-4fe3-b9b4-4daec520c12a","time_budget":25,"batch_seconds":74.14,"entries":10,"bytes":138762,"next_max_files":10,"next_max_bytes":4194304}
[2026-05-22T13:12:16+08:00] [INFO] Time budget reached, scheduling next batch. {"job_id":"38a3743a-2a07-4fe3-b9b4-4daec520c12a","elapsed":74.14,"time_budget":25,"batches_processed":1}
[2026-05-22T13:12:16+08:00] [INFO] Scheduled next batch with short interval. {"job_id":"38a3743a-2a07-4fe3-b9b4-4daec520c12a","interval":14,"next_run":1779426750,"stage":"packing"}
[2026-05-22T13:17:18+08:00] [WARNING] Packing batch exceeded time budget; shrinking batch limits for next tick. {"job_id":"38a3743a-2a07-4fe3-b9b4-4daec520c12a","time_budget":25,"batch_seconds":74.14,"entries":10,"bytes":191448,"next_max_files":10,"next_max_bytes":4194304}
[2026-05-22T13:17:18+08:00] [INFO] Time budget reached, scheduling next batch. {"job_id":"38a3743a-2a07-4fe3-b9b4-4daec520c12a","elapsed":74.14,"time_budget":25,"batches_processed":1}
[2026-05-22T13:17:18+08:00] [INFO] Scheduled next batch with short interval. {"job_id":"38a3743a-2a07-4fe3-b9b4-4daec520c12a","interval":13,"next_run":1779427051,"stage":"packing"}
[2026-05-22T13:19:41+08:00] [WARNING] Packing batch exceeded time budget; shrinking batch limits for next tick. {"job_id":"38a3743a-2a07-4fe3-b9b4-4daec520c12a","time_budget":25,"batch_seconds":74.17,"entries":10,"bytes":269335,"next_max_files":10,"next_max_bytes":4194304}
[2026-05-22T13:19:41+08:00] [INFO] Time budget reached, scheduling next batch. {"job_id":"38a3743a-2a07-4fe3-b9b4-4daec520c12a","elapsed":74.17,"time_budget":25,"batches_processed":1}
[2026-05-22T13:19:41+08:00] [INFO] Scheduled next batch with short interval. {"job_id":"38a3743a-2a07-4fe3-b9b4-4daec520c12a","interval":15,"next_run":1779427196,"stage":"packing"}
[2026-05-22T13:35:39+08:00] [INFO] Museder RestoreOne build active. {"version":"2.7.263","build_id":"2.7.263-1","opcache":true}
[2026-05-22T13:35:49+08:00] [INFO] Museder RestoreOne build active. {"version":"2.7.263","build_id":"2.7.263-1","opcache":true}
[2026-05-22T13:37:04+08:00] [WARNING] Packing batch exceeded time budget; shrinking batch limits for next tick. {"job_id":"38a3743a-2a07-4fe3-b9b4-4daec520c12a","time_budget":25,"batch_seconds":74.2,"entries":10,"bytes":215361,"next_max_files":10,"next_max_bytes":4194304}
[2026-05-22T13:37:04+08:00] [INFO] Time budget reached, scheduling next batch. {"job_id":"38a3743a-2a07-4fe3-b9b4-4daec520c12a","elapsed":74.21,"time_budget":25,"batches_processed":1}
[2026-05-22T13:37:04+08:00] [INFO] Scheduled next batch with short interval. {"job_id":"38a3743a-2a07-4fe3-b9b4-4daec520c12a","interval":14,"next_run":1779428238,"stage":"packing"}
[2026-05-22T13:38:55+08:00] [WARNING] Packing batch exceeded time budget; shrinking batch limits for next tick. {"job_id":"38a3743a-2a07-4fe3-b9b4-4daec520c12a","time_budget":25,"batch_seconds":74.13,"entries":10,"bytes":29701,"next_max_files":10,"next_max_bytes":4194304}
[2026-05-22T13:38:55+08:00] [INFO] Time budget reached, scheduling next batch. {"job_id":"38a3743a-2a07-4fe3-b9b4-4daec520c12a","elapsed":74.14,"time_budget":25,"batches_processed":1}
[2026-05-22T13:38:55+08:00] [INFO] Scheduled next batch with short interval. {"job_id":"38a3743a-2a07-4fe3-b9b4-4daec520c12a","interval":13,"next_run":1779428348,"stage":"packing"}
[2026-05-22T13:41:51+08:00] [WARNING] Packing batch exceeded time budget; shrinking batch limits for next tick. {"job_id":"38a3743a-2a07-4fe3-b9b4-4daec520c12a","time_budget":25,"batch_seconds":74.17,"entries":10,"bytes":314810,"next_max_files":10,"next_max_bytes":4194304}
[2026-05-22T13:41:51+08:00] [INFO] Time budget reached, scheduling next batch. {"job_id":"38a3743a-2a07-4fe3-b9b4-4daec520c12a","elapsed":74.17,"time_budget":25,"batches_processed":1}
[2026-05-22T13:41:51+08:00] [INFO] Scheduled next batch with short interval. {"job_id":"38a3743a-2a07-4fe3-b9b4-4daec520c12a","interval":13,"next_run":1779428524,"stage":"packing"}
[2026-05-22T13:45:48+08:00] [WARNING] Packing batch exceeded time budget; shrinking batch limits for next tick. {"job_id":"38a3743a-2a07-4fe3-b9b4-4daec520c12a","time_budget":25,"batch_seconds":74.25,"entries":10,"bytes":388989,"next_max_files":10,"next_max_bytes":4194304}
[2026-05-22T13:45:48+08:00] [INFO] Time budget reached, scheduling next batch. {"job_id":"38a3743a-2a07-4fe3-b9b4-4daec520c12a","elapsed":74.25,"time_budget":25,"batches_processed":1}
[2026-05-22T13:45:48+08:00] [INFO] Scheduled next batch with short interval. {"job_id":"38a3743a-2a07-4fe3-b9b4-4daec520c12a","interval":19,"next_run":1779428767,"stage":"packing"}
[2026-05-22T13:48:12+08:00] [WARNING] Packing batch exceeded time budget; shrinking batch limits for next tick. {"job_id":"38a3743a-2a07-4fe3-b9b4-4daec520c12a","time_budget":25,"batch_seconds":74.25,"entries":10,"bytes":406030,"next_max_files":10,"next_max_bytes":4194304}
[2026-05-22T13:48:12+08:00] [INFO] Time budget reached, scheduling next batch. {"job_id":"38a3743a-2a07-4fe3-b9b4-4daec520c12a","elapsed":74.25,"time_budget":25,"batches_processed":1}
[2026-05-22T13:48:12+08:00] [INFO] Scheduled next batch with short interval. {"job_id":"38a3743a-2a07-4fe3-b9b4-4daec520c12a","interval":18,"next_run":1779428910,"stage":"packing"}
[2026-05-22T13:51:51+08:00] [WARNING] Packing batch exceeded time budget; shrinking batch limits for next tick. {"job_id":"38a3743a-2a07-4fe3-b9b4-4daec520c12a","time_budget":25,"batch_seconds":74.22,"entries":10,"bytes":65086,"next_max_files":10,"next_max_bytes":4194304}
[2026-05-22T13:51:51+08:00] [INFO] Time budget reached, scheduling next batch. {"job_id":"38a3743a-2a07-4fe3-b9b4-4daec520c12a","elapsed":74.22,"time_budget":25,"batches_processed":1}
[2026-05-22T13:51:51+08:00] [INFO] Scheduled next batch with short interval. {"job_id":"38a3743a-2a07-4fe3-b9b4-4daec520c12a","interval":12,"next_run":1779429123,"stage":"packing"}
[2026-05-22T13:53:32+08:00] [WARNING] Packing batch exceeded time budget; shrinking batch limits for next tick. {"job_id":"38a3743a-2a07-4fe3-b9b4-4daec520c12a","time_budget":25,"batch_seconds":74.34,"entries":10,"bytes":1106323,"next_max_files":10,"next_max_bytes":4194304}
[2026-05-22T13:53:32+08:00] [INFO] Time budget reached, scheduling next batch. {"job_id":"38a3743a-2a07-4fe3-b9b4-4daec520c12a","elapsed":74.34,"time_budget":25,"batches_processed":1}
[2026-05-22T13:53:32+08:00] [INFO] Scheduled next batch with short interval. {"job_id":"38a3743a-2a07-4fe3-b9b4-4daec520c12a","interval":20,"next_run":1779429232,"stage":"packing"}
[2026-05-22T13:57:52+08:00] [WARNING] Packing batch exceeded time budget; shrinking batch limits for next tick. {"job_id":"38a3743a-2a07-4fe3-b9b4-4daec520c12a","time_budget":25,"batch_seconds":74.3,"entries":10,"bytes":180445,"next_max_files":10,"next_max_bytes":4194304}
[2026-05-22T13:57:52+08:00] [INFO] Time budget reached, scheduling next batch. {"job_id":"38a3743a-2a07-4fe3-b9b4-4daec520c12a","elapsed":74.31,"time_budget":25,"batches_processed":1}
[2026-05-22T13:57:52+08:00] [INFO] Scheduled next batch with short interval. {"job_id":"38a3743a-2a07-4fe3-b9b4-4daec520c12a","interval":11,"next_run":1779429483,"stage":"packing"}
[2026-05-22T14:00:21+08:00] [WARNING] Packing batch exceeded time budget; shrinking batch limits for next tick. {"job_id":"38a3743a-2a07-4fe3-b9b4-4daec520c12a","time_budget":25,"batch_seconds":74.29,"entries":10,"bytes":133749,"next_max_files":10,"next_max_bytes":4194304}
[2026-05-22T14:00:21+08:00] [INFO] Time budget reached, scheduling next batch. {"job_id":"38a3743a-2a07-4fe3-b9b4-4daec520c12a","elapsed":74.3,"time_budget":25,"batches_processed":1}
[2026-05-22T14:00:21+08:00] [INFO] Scheduled next batch with short interval. {"job_id":"38a3743a-2a07-4fe3-b9b4-4daec520c12a","interval":20,"next_run":1779429641,"stage":"packing"}
[2026-05-22T14:04:04+08:00] [WARNING] Packing batch exceeded time budget; shrinking batch limits for next tick. {"job_id":"38a3743a-2a07-4fe3-b9b4-4daec520c12a","time_budget":25,"batch_seconds":74.33,"entries":10,"bytes":130930,"next_max_files":10,"next_max_bytes":4194304}
[2026-05-22T14:04:04+08:00] [INFO] Time budget reached, scheduling next batch. {"job_id":"38a3743a-2a07-4fe3-b9b4-4daec520c12a","elapsed":74.33,"time_budget":25,"batches_processed":1}
[2026-05-22T14:04:04+08:00] [INFO] Scheduled next batch with short interval. {"job_id":"38a3743a-2a07-4fe3-b9b4-4daec520c12a","interval":20,"next_run":1779429864,"stage":"packing"}
[2026-05-22T14:09:22+08:00] [WARNING] Packing batch exceeded time budget; shrinking batch limits for next tick. {"job_id":"38a3743a-2a07-4fe3-b9b4-4daec520c12a","time_budget":25,"batch_seconds":74.28,"entries":10,"bytes":62340,"next_max_files":10,"next_max_bytes":4194304}
[2026-05-22T14:09:22+08:00] [INFO] Time budget reached, scheduling next batch. {"job_id":"38a3743a-2a07-4fe3-b9b4-4daec520c12a","elapsed":74.28,"time_budget":25,"batches_processed":1}
[2026-05-22T14:09:22+08:00] [INFO] Scheduled next batch with short interval. {"job_id":"38a3743a-2a07-4fe3-b9b4-4daec520c12a","interval":17,"next_run":1779430179,"stage":"packing"}
[2026-05-22T14:11:20+08:00] [WARNING] Packing batch exceeded time budget; shrinking batch limits for next tick. {"job_id":"38a3743a-2a07-4fe3-b9b4-4daec520c12a","time_budget":25,"batch_seconds":74.28,"entries":10,"bytes":266654,"next_max_files":10,"next_max_bytes":4194304}
[2026-05-22T14:11:20+08:00] [INFO] Time budget reached, scheduling next batch. {"job_id":"38a3743a-2a07-4fe3-b9b4-4daec520c12a","elapsed":74.28,"time_budget":25,"batches_processed":1}
[2026-05-22T14:11:20+08:00] [INFO] Scheduled next batch with short interval. {"job_id":"38a3743a-2a07-4fe3-b9b4-4daec520c12a","interval":15,"next_run":1779430295,"stage":"packing"}
[2026-05-22T14:15:32+08:00] [WARNING] Packing batch exceeded time budget; shrinking batch limits for next tick. {"job_id":"38a3743a-2a07-4fe3-b9b4-4daec520c12a","time_budget":25,"batch_seconds":74.29,"entries":10,"bytes":107514,"next_max_files":10,"next_max_bytes":4194304}
[2026-05-22T14:15:32+08:00] [INFO] Time budget reached, scheduling next batch. {"job_id":"38a3743a-2a07-4fe3-b9b4-4daec520c12a","elapsed":74.29,"time_budget":25,"batches_processed":1}
[2026-05-22T14:15:32+08:00] [INFO] Scheduled next batch with short interval. {"job_id":"38a3743a-2a07-4fe3-b9b4-4daec520c12a","interval":19,"next_run":1779430551,"stage":"packing"}
[2026-05-22T14:19:13+08:00] [WARNING] Packing batch exceeded time budget; shrinking batch limits for next tick. {"job_id":"38a3743a-2a07-4fe3-b9b4-4daec520c12a","time_budget":25,"batch_seconds":74.31,"entries":10,"bytes":160662,"next_max_files":10,"next_max_bytes":4194304}
[2026-05-22T14:19:13+08:00] [INFO] Time budget reached, scheduling next batch. {"job_id":"38a3743a-2a07-4fe3-b9b4-4daec520c12a","elapsed":74.31,"time_budget":25,"batches_processed":1}
[2026-05-22T14:19:13+08:00] [INFO] Scheduled next batch with short interval. {"job_id":"38a3743a-2a07-4fe3-b9b4-4daec520c12a","interval":11,"next_run":1779430764,"stage":"packing"}
[2026-05-22T14:21:48+08:00] [WARNING] Packing batch exceeded time budget; shrinking batch limits for next tick. {"job_id":"38a3743a-2a07-4fe3-b9b4-4daec520c12a","time_budget":25,"batch_seconds":74.34,"entries":10,"bytes":419909,"next_max_files":10,"next_max_bytes":4194304}
[2026-05-22T14:21:48+08:00] [INFO] Time budget reached, scheduling next batch. {"job_id":"38a3743a-2a07-4fe3-b9b4-4daec520c12a","elapsed":74.34,"time_budget":25,"batches_processed":1}
[2026-05-22T14:21:48+08:00] [INFO] Scheduled next batch with short interval. {"job_id":"38a3743a-2a07-4fe3-b9b4-4daec520c12a","interval":14,"next_run":1779430922,"stage":"packing"}
[2026-05-22T14:25:39+08:00] [WARNING] Packing batch exceeded time budget; shrinking batch limits for next tick. {"job_id":"38a3743a-2a07-4fe3-b9b4-4daec520c12a","time_budget":25,"batch_seconds":74.34,"entries":10,"bytes":194774,"next_max_files":10,"next_max_bytes":4194304}
[2026-05-22T14:25:39+08:00] [INFO] Time budget reached, scheduling next batch. {"job_id":"38a3743a-2a07-4fe3-b9b4-4daec520c12a","elapsed":74.34,"time_budget":25,"batches_processed":1}
[2026-05-22T14:25:39+08:00] [INFO] Scheduled next batch with short interval. {"job_id":"38a3743a-2a07-4fe3-b9b4-4daec520c12a","interval":18,"next_run":1779431157,"stage":"packing"}
[2026-05-22T14:29:47+08:00] [WARNING] Packing batch exceeded time budget; shrinking batch limits for next tick. {"job_id":"38a3743a-2a07-4fe3-b9b4-4daec520c12a","time_budget":25,"batch_seconds":74.34,"entries":10,"bytes":347301,"next_max_files":10,"next_max_bytes":4194304}
[2026-05-22T14:29:47+08:00] [INFO] Time budget reached, scheduling next batch. {"job_id":"38a3743a-2a07-4fe3-b9b4-4daec520c12a","elapsed":74.35,"time_budget":25,"batches_processed":1}
[2026-05-22T14:29:47+08:00] [INFO] Scheduled next batch with short interval. {"job_id":"38a3743a-2a07-4fe3-b9b4-4daec520c12a","interval":12,"next_run":1779431399,"stage":"packing"}
[2026-05-22T14:32:59+08:00] [WARNING] Packing batch exceeded time budget; shrinking batch limits for next tick. {"job_id":"38a3743a-2a07-4fe3-b9b4-4daec520c12a","time_budget":25,"batch_seconds":74.38,"entries":10,"bytes":778511,"next_max_files":10,"next_max_bytes":4194304}
[2026-05-22T14:32:59+08:00] [INFO] Time budget reached, scheduling next batch. {"job_id":"38a3743a-2a07-4fe3-b9b4-4daec520c12a","elapsed":74.38,"time_budget":25,"batches_processed":1}
[2026-05-22T14:32:59+08:00] [INFO] Scheduled next batch with short interval. {"job_id":"38a3743a-2a07-4fe3-b9b4-4daec520c12a","interval":15,"next_run":1779431594,"stage":"packing"}
[2026-05-22T14:37:10+08:00] [INFO] Museder RestoreOne build active. {"version":"2.7.263","build_id":"2.7.263-1","opcache":true}
[2026-05-22T14:37:10+08:00] [INFO] Museder RestoreOne build active. {"version":"2.7.263","build_id":"2.7.263-1","opcache":true}
[2026-05-22T14:38:25+08:00] [WARNING] Packing batch exceeded time budget; shrinking batch limits for next tick. {"job_id":"38a3743a-2a07-4fe3-b9b4-4daec520c12a","time_budget":25,"batch_seconds":74.39,"entries":10,"bytes":445347,"next_max_files":10,"next_max_bytes":4194304}
[2026-05-22T14:38:25+08:00] [INFO] Time budget reached, scheduling next batch. {"job_id":"38a3743a-2a07-4fe3-b9b4-4daec520c12a","elapsed":74.39,"time_budget":25,"batches_processed":1}
[2026-05-22T14:38:25+08:00] [INFO] Scheduled next batch with short interval. {"job_id":"38a3743a-2a07-4fe3-b9b4-4daec520c12a","interval":11,"next_run":1779431916,"stage":"packing"}
[2026-05-22T14:41:55+08:00] [WARNING] Packing batch exceeded time budget; shrinking batch limits for next tick. {"job_id":"38a3743a-2a07-4fe3-b9b4-4daec520c12a","time_budget":25,"batch_seconds":74.41,"entries":10,"bytes":1369470,"next_max_files":10,"next_max_bytes":4194304}
[2026-05-22T14:41:55+08:00] [INFO] Time budget reached, scheduling next batch. {"job_id":"38a3743a-2a07-4fe3-b9b4-4daec520c12a","elapsed":74.41,"time_budget":25,"batches_processed":1}
[2026-05-22T14:41:55+08:00] [INFO] Scheduled next batch with short interval. {"job_id":"38a3743a-2a07-4fe3-b9b4-4daec520c12a","interval":11,"next_run":1779432126,"stage":"packing"}
[2026-05-22T14:44:07+08:00] [WARNING] Packing batch exceeded time budget; shrinking batch limits for next tick. {"job_id":"38a3743a-2a07-4fe3-b9b4-4daec520c12a","time_budget":25,"batch_seconds":74.44,"entries":10,"bytes":141578,"next_max_files":10,"next_max_bytes":4194304}
[2026-05-22T14:44:07+08:00] [INFO] Time budget reached, scheduling next batch. {"job_id":"38a3743a-2a07-4fe3-b9b4-4daec520c12a","elapsed":74.45,"time_budget":25,"batches_processed":1}
[2026-05-22T14:44:07+08:00] [INFO] Scheduled next batch with short interval. {"job_id":"38a3743a-2a07-4fe3-b9b4-4daec520c12a","interval":15,"next_run":1779432262,"stage":"packing"}
[2026-05-22T14:46:50+08:00] [WARNING] Packing batch exceeded time budget; shrinking batch limits for next tick. {"job_id":"38a3743a-2a07-4fe3-b9b4-4daec520c12a","time_budget":25,"batch_seconds":74.59,"entries":10,"bytes":2009213,"next_max_files":10,"next_max_bytes":4194304}
[2026-05-22T14:46:50+08:00] [INFO] Time budget reached, scheduling next batch. {"job_id":"38a3743a-2a07-4fe3-b9b4-4daec520c12a","elapsed":74.6,"time_budget":25,"batches_processed":1}
[2026-05-22T14:46:50+08:00] [INFO] Scheduled next batch with short interval. {"job_id":"38a3743a-2a07-4fe3-b9b4-4daec520c12a","interval":20,"next_run":1779432430,"stage":"packing"}
[2026-05-22T14:50:15+08:00] [WARNING] Packing batch exceeded time budget; shrinking batch limits for next tick. {"job_id":"38a3743a-2a07-4fe3-b9b4-4daec520c12a","time_budget":25,"batch_seconds":91.61,"entries":7,"bytes":80641375,"next_max_files":10,"next_max_bytes":4194304}
[2026-05-22T14:50:15+08:00] [INFO] Time budget reached, scheduling next batch. {"job_id":"38a3743a-2a07-4fe3-b9b4-4daec520c12a","elapsed":91.62,"time_budget":25,"batches_processed":1}
[2026-05-22T14:50:15+08:00] [INFO] Scheduled next batch with short interval. {"job_id":"38a3743a-2a07-4fe3-b9b4-4daec520c12a","interval":17,"next_run":1779432632,"stage":"packing"}
[2026-05-22T14:53:57+08:00] [WARNING] Packing batch exceeded time budget; shrinking batch limits for next tick. {"job_id":"38a3743a-2a07-4fe3-b9b4-4daec520c12a","time_budget":25,"batch_seconds":82.06,"entries":10,"bytes":43186,"next_max_files":10,"next_max_bytes":4194304}
[2026-05-22T14:53:57+08:00] [INFO] Time budget reached, scheduling next batch. {"job_id":"38a3743a-2a07-4fe3-b9b4-4daec520c12a","elapsed":82.06,"time_budget":25,"batches_processed":1}
[2026-05-22T14:53:57+08:00] [INFO] Scheduled next batch with short interval. {"job_id":"38a3743a-2a07-4fe3-b9b4-4daec520c12a","interval":11,"next_run":1779432848,"stage":"packing"}
[2026-05-22T14:59:51+08:00] [WARNING] Packing batch exceeded time budget; shrinking batch limits for next tick. {"job_id":"38a3743a-2a07-4fe3-b9b4-4daec520c12a","time_budget":25,"batch_seconds":194.9,"entries":3,"bytes":398384533,"next_max_files":10,"next_max_bytes":4194304}
[2026-05-22T14:59:51+08:00] [INFO] Time budget reached, scheduling next batch. {"job_id":"38a3743a-2a07-4fe3-b9b4-4daec520c12a","elapsed":194.9,"time_budget":25,"batches_processed":1}
[2026-05-22T14:59:51+08:00] [INFO] Scheduled next batch with short interval. {"job_id":"38a3743a-2a07-4fe3-b9b4-4daec520c12a","interval":13,"next_run":1779433204,"stage":"packing"}
[2026-05-22T15:02:17+08:00] [WARNING] Packing batch exceeded time budget; shrinking batch limits for next tick. {"job_id":"38a3743a-2a07-4fe3-b9b4-4daec520c12a","time_budget":25,"batch_seconds":119.93,"entries":10,"bytes":30754,"next_max_files":10,"next_max_bytes":4194304}
[2026-05-22T15:02:17+08:00] [INFO] Time budget reached, scheduling next batch. {"job_id":"38a3743a-2a07-4fe3-b9b4-4daec520c12a","elapsed":119.93,"time_budget":25,"batches_processed":1}
[2026-05-22T15:02:17+08:00] [INFO] Scheduled next batch with short interval. {"job_id":"38a3743a-2a07-4fe3-b9b4-4daec520c12a","interval":11,"next_run":1779433348,"stage":"packing"}
[2026-05-22T15:04:38+08:00] [WARNING] Packing batch exceeded time budget; shrinking batch limits for next tick. {"job_id":"38a3743a-2a07-4fe3-b9b4-4daec520c12a","time_budget":25,"batch_seconds":119.96,"entries":10,"bytes":46876,"next_max_files":10,"next_max_bytes":4194304}
[2026-05-22T15:04:38+08:00] [INFO] Time budget reached, scheduling next batch. {"job_id":"38a3743a-2a07-4fe3-b9b4-4daec520c12a","elapsed":119.96,"time_budget":25,"batches_processed":1}
[2026-05-22T15:04:38+08:00] [INFO] Scheduled next batch with short interval. {"job_id":"38a3743a-2a07-4fe3-b9b4-4daec520c12a","interval":16,"next_run":1779433494,"stage":"packing"}
[2026-05-22T15:06:42+08:00] [WARNING] Packing batch exceeded time budget; shrinking batch limits for next tick. {"job_id":"38a3743a-2a07-4fe3-b9b4-4daec520c12a","time_budget":12,"batch_seconds":119.94,"entries":10,"bytes":37078,"next_max_files":10,"next_max_bytes":4194304}
[2026-05-22T15:06:42+08:00] [INFO] Time budget reached, scheduling next batch. {"job_id":"38a3743a-2a07-4fe3-b9b4-4daec520c12a","elapsed":119.95,"time_budget":12,"batches_processed":1}
[2026-05-22T15:06:42+08:00] [INFO] Scheduled next batch with short interval. {"job_id":"38a3743a-2a07-4fe3-b9b4-4daec520c12a","interval":12,"next_run":1779433614,"stage":"packing"}
[2026-05-22T15:08:49+08:00] [WARNING] Packing batch exceeded time budget; shrinking batch limits for next tick. {"job_id":"38a3743a-2a07-4fe3-b9b4-4daec520c12a","time_budget":12,"batch_seconds":119.91,"entries":10,"bytes":5289,"next_max_files":10,"next_max_bytes":4194304}
[2026-05-22T15:08:49+08:00] [INFO] Time budget reached, scheduling next batch. {"job_id":"38a3743a-2a07-4fe3-b9b4-4daec520c12a","elapsed":119.91,"time_budget":12,"batches_processed":1}
[2026-05-22T15:08:49+08:00] [INFO] Scheduled next batch with short interval. {"job_id":"38a3743a-2a07-4fe3-b9b4-4daec520c12a","interval":11,"next_run":1779433740,"stage":"packing"}
[2026-05-22T15:10:58+08:00] [WARNING] Packing batch exceeded time budget; shrinking batch limits for next tick. {"job_id":"38a3743a-2a07-4fe3-b9b4-4daec520c12a","time_budget":12,"batch_seconds":119.91,"entries":10,"bytes":5486,"next_max_files":10,"next_max_bytes":4194304}
[2026-05-22T15:10:58+08:00] [INFO] Time budget reached, scheduling next batch. {"job_id":"38a3743a-2a07-4fe3-b9b4-4daec520c12a","elapsed":119.91,"time_budget":12,"batches_processed":1}
[2026-05-22T15:10:58+08:00] [INFO] Scheduled next batch with short interval. {"job_id":"38a3743a-2a07-4fe3-b9b4-4daec520c12a","interval":12,"next_run":1779433870,"stage":"packing"}
[2026-05-22T15:13:05+08:00] [WARNING] Packing batch exceeded time budget; shrinking batch limits for next tick. {"job_id":"38a3743a-2a07-4fe3-b9b4-4daec520c12a","time_budget":12,"batch_seconds":119.98,"entries":10,"bytes":51970,"next_max_files":10,"next_max_bytes":4194304}
[2026-05-22T15:13:05+08:00] [INFO] Time budget reached, scheduling next batch. {"job_id":"38a3743a-2a07-4fe3-b9b4-4daec520c12a","elapsed":119.98,"time_budget":12,"batches_processed":1}
[2026-05-22T15:13:05+08:00] [INFO] Scheduled next batch with short interval. {"job_id":"38a3743a-2a07-4fe3-b9b4-4daec520c12a","interval":12,"next_run":1779433997,"stage":"packing"}
[2026-05-22T15:15:11+08:00] [WARNING] Packing batch exceeded time budget; shrinking batch limits for next tick. {"job_id":"38a3743a-2a07-4fe3-b9b4-4daec520c12a","time_budget":12,"batch_seconds":119.92,"entries":10,"bytes":46778,"next_max_files":10,"next_max_bytes":4194304}
[2026-05-22T15:15:11+08:00] [INFO] Time budget reached, scheduling next batch. {"job_id":"38a3743a-2a07-4fe3-b9b4-4daec520c12a","elapsed":119.93,"time_budget":12,"batches_processed":1}
[2026-05-22T15:15:11+08:00] [INFO] Scheduled next batch with short interval. {"job_id":"38a3743a-2a07-4fe3-b9b4-4daec520c12a","interval":10,"next_run":1779434121,"stage":"packing"}
[2026-05-22T15:17:17+08:00] [WARNING] Packing batch exceeded time budget; shrinking batch limits for next tick. {"job_id":"38a3743a-2a07-4fe3-b9b4-4daec520c12a","time_budget":12,"batch_seconds":119.99,"entries":10,"bytes":992,"next_max_files":10,"next_max_bytes":4194304}
[2026-05-22T15:17:17+08:00] [INFO] Time budget reached, scheduling next batch. {"job_id":"38a3743a-2a07-4fe3-b9b4-4daec520c12a","elapsed":119.99,"time_budget":12,"batches_processed":1}
[2026-05-22T15:17:17+08:00] [INFO] Scheduled next batch with short interval. {"job_id":"38a3743a-2a07-4fe3-b9b4-4daec520c12a","interval":14,"next_run":1779434251,"stage":"packing"}
[2026-05-22T15:19:21+08:00] [WARNING] Packing batch exceeded time budget; shrinking batch limits for next tick. {"job_id":"38a3743a-2a07-4fe3-b9b4-4daec520c12a","time_budget":12,"batch_seconds":119.96,"entries":10,"bytes":123319,"next_max_files":10,"next_max_bytes":4194304}
[2026-05-22T15:19:21+08:00] [INFO] Time budget reached, scheduling next batch. {"job_id":"38a3743a-2a07-4fe3-b9b4-4daec520c12a","elapsed":119.97,"time_budget":12,"batches_processed":1}
[2026-05-22T15:19:21+08:00] [INFO] Scheduled next batch with short interval. {"job_id":"38a3743a-2a07-4fe3-b9b4-4daec520c12a","interval":17,"next_run":1779434378,"stage":"packing"}
[2026-05-22T15:21:25+08:00] [WARNING] Packing batch exceeded time budget; shrinking batch limits for next tick. {"job_id":"38a3743a-2a07-4fe3-b9b4-4daec520c12a","time_budget":12,"batch_seconds":119.97,"entries":10,"bytes":216115,"next_max_files":10,"next_max_bytes":4194304}
[2026-05-22T15:21:25+08:00] [INFO] Time budget reached, scheduling next batch. {"job_id":"38a3743a-2a07-4fe3-b9b4-4daec520c12a","elapsed":119.97,"time_budget":12,"batches_processed":1}
[2026-05-22T15:21:25+08:00] [INFO] Scheduled next batch with short interval. {"job_id":"38a3743a-2a07-4fe3-b9b4-4daec520c12a","interval":13,"next_run":1779434498,"stage":"packing"}
[2026-05-22T15:23:35+08:00] [WARNING] Packing batch exceeded time budget; shrinking batch limits for next tick. {"job_id":"38a3743a-2a07-4fe3-b9b4-4daec520c12a","time_budget":12,"batch_seconds":119.98,"entries":10,"bytes":85897,"next_max_files":10,"next_max_bytes":4194304}
[2026-05-22T15:23:35+08:00] [INFO] Time budget reached, scheduling next batch. {"job_id":"38a3743a-2a07-4fe3-b9b4-4daec520c12a","elapsed":119.98,"time_budget":12,"batches_processed":1}
[2026-05-22T15:23:35+08:00] [INFO] Scheduled next batch with short interval. {"job_id":"38a3743a-2a07-4fe3-b9b4-4daec520c12a","interval":12,"next_run":1779434627,"stage":"packing"}
[2026-05-22T15:25:36+08:00] [WARNING] Packing batch exceeded time budget; shrinking batch limits for next tick. {"job_id":"38a3743a-2a07-4fe3-b9b4-4daec520c12a","time_budget":12,"batch_seconds":120,"entries":10,"bytes":284268,"next_max_files":10,"next_max_bytes":4194304}
[2026-05-22T15:25:36+08:00] [INFO] Time budget reached, scheduling next batch. {"job_id":"38a3743a-2a07-4fe3-b9b4-4daec520c12a","elapsed":120,"time_budget":12,"batches_processed":1}
[2026-05-22T15:25:36+08:00] [INFO] Scheduled next batch with short interval. {"job_id":"38a3743a-2a07-4fe3-b9b4-4daec520c12a","interval":20,"next_run":1779434756,"stage":"packing"}
[2026-05-22T15:27:38+08:00] [WARNING] Packing batch exceeded time budget; shrinking batch limits for next tick. {"job_id":"38a3743a-2a07-4fe3-b9b4-4daec520c12a","time_budget":12,"batch_seconds":119.94,"entries":10,"bytes":135506,"next_max_files":10,"next_max_bytes":4194304}
[2026-05-22T15:27:38+08:00] [INFO] Time budget reached, scheduling next batch. {"job_id":"38a3743a-2a07-4fe3-b9b4-4daec520c12a","elapsed":119.95,"time_budget":12,"batches_processed":1}
[2026-05-22T15:27:38+08:00] [INFO] Scheduled next batch with short interval. {"job_id":"38a3743a-2a07-4fe3-b9b4-4daec520c12a","interval":14,"next_run":1779434872,"stage":"packing"}
[2026-05-22T15:29:44+08:00] [WARNING] Packing batch exceeded time budget; shrinking batch limits for next tick. {"job_id":"38a3743a-2a07-4fe3-b9b4-4daec520c12a","time_budget":12,"batch_seconds":119.99,"entries":10,"bytes":146481,"next_max_files":10,"next_max_bytes":4194304}
[2026-05-22T15:29:44+08:00] [INFO] Time budget reached, scheduling next batch. {"job_id":"38a3743a-2a07-4fe3-b9b4-4daec520c12a","elapsed":119.99,"time_budget":12,"batches_processed":1}
[2026-05-22T15:29:44+08:00] [INFO] Scheduled next batch with short interval. {"job_id":"38a3743a-2a07-4fe3-b9b4-4daec520c12a","interval":10,"next_run":1779434994,"stage":"packing"}
[2026-05-22T15:31:58+08:00] [WARNING] Packing batch exceeded time budget; shrinking batch limits for next tick. {"job_id":"38a3743a-2a07-4fe3-b9b4-4daec520c12a","time_budget":12,"batch_seconds":119.96,"entries":10,"bytes":57664,"next_max_files":10,"next_max_bytes":4194304}
[2026-05-22T15:31:58+08:00] [INFO] Time budget reached, scheduling next batch. {"job_id":"38a3743a-2a07-4fe3-b9b4-4daec520c12a","elapsed":119.97,"time_budget":12,"batches_processed":1}
[2026-05-22T15:31:58+08:00] [INFO] Scheduled next batch with short interval. {"job_id":"38a3743a-2a07-4fe3-b9b4-4daec520c12a","interval":19,"next_run":1779435137,"stage":"packing"}
[2026-05-22T15:33:59+08:00] [WARNING] Packing batch exceeded time budget; shrinking batch limits for next tick. {"job_id":"38a3743a-2a07-4fe3-b9b4-4daec520c12a","time_budget":12,"batch_seconds":119.96,"entries":10,"bytes":59971,"next_max_files":10,"next_max_bytes":4194304}
[2026-05-22T15:33:59+08:00] [INFO] Time budget reached, scheduling next batch. {"job_id":"38a3743a-2a07-4fe3-b9b4-4daec520c12a","elapsed":119.96,"time_budget":12,"batches_processed":1}
[2026-05-22T15:33:59+08:00] [INFO] Scheduled next batch with short interval. {"job_id":"38a3743a-2a07-4fe3-b9b4-4daec520c12a","interval":12,"next_run":1779435251,"stage":"packing"}
[2026-05-22T15:36:16+08:00] [WARNING] Packing batch exceeded time budget; shrinking batch limits for next tick. {"job_id":"38a3743a-2a07-4fe3-b9b4-4daec520c12a","time_budget":12,"batch_seconds":119.99,"entries":10,"bytes":88437,"next_max_files":10,"next_max_bytes":4194304}
[2026-05-22T15:36:16+08:00] [INFO] Time budget reached, scheduling next batch. {"job_id":"38a3743a-2a07-4fe3-b9b4-4daec520c12a","elapsed":120,"time_budget":12,"batches_processed":1}
[2026-05-22T15:36:16+08:00] [INFO] Scheduled next batch with short interval. {"job_id":"38a3743a-2a07-4fe3-b9b4-4daec520c12a","interval":12,"next_run":1779435388,"stage":"packing"}
[2026-05-22T15:37:16+08:00] [INFO] Museder RestoreOne build active. {"version":"2.7.263","build_id":"2.7.263-1","opcache":true}
[2026-05-22T15:37:22+08:00] [INFO] Museder RestoreOne build active. {"version":"2.7.263","build_id":"2.7.263-1","opcache":true}
[2026-05-22T15:38:17+08:00] [WARNING] Packing batch exceeded time budget; shrinking batch limits for next tick. {"job_id":"38a3743a-2a07-4fe3-b9b4-4daec520c12a","time_budget":12,"batch_seconds":120,"entries":10,"bytes":114118,"next_max_files":10,"next_max_bytes":4194304}
[2026-05-22T15:38:17+08:00] [INFO] Time budget reached, scheduling next batch. {"job_id":"38a3743a-2a07-4fe3-b9b4-4daec520c12a","elapsed":120,"time_budget":12,"batches_processed":1}
[2026-05-22T15:38:17+08:00] [INFO] Scheduled next batch with short interval. {"job_id":"38a3743a-2a07-4fe3-b9b4-4daec520c12a","interval":14,"next_run":1779435511,"stage":"packing"}
[2026-05-22T15:40:19+08:00] [WARNING] Packing batch exceeded time budget; shrinking batch limits for next tick. {"job_id":"38a3743a-2a07-4fe3-b9b4-4daec520c12a","time_budget":12,"batch_seconds":120.02,"entries":10,"bytes":212833,"next_max_files":10,"next_max_bytes":4194304}
[2026-05-22T15:40:19+08:00] [INFO] Time budget reached, scheduling next batch. {"job_id":"38a3743a-2a07-4fe3-b9b4-4daec520c12a","elapsed":120.02,"time_budget":12,"batches_processed":1}
[2026-05-22T15:40:19+08:00] [INFO] Scheduled next batch with short interval. {"job_id":"38a3743a-2a07-4fe3-b9b4-4daec520c12a","interval":14,"next_run":1779435633,"stage":"packing"}
[2026-05-22T15:42:20+08:00] [WARNING] Packing batch exceeded time budget; shrinking batch limits for next tick. {"job_id":"38a3743a-2a07-4fe3-b9b4-4daec520c12a","time_budget":12,"batch_seconds":119.98,"entries":10,"bytes":102724,"next_max_files":10,"next_max_bytes":4194304}
[2026-05-22T15:42:20+08:00] [INFO] Time budget reached, scheduling next batch. {"job_id":"38a3743a-2a07-4fe3-b9b4-4daec520c12a","elapsed":119.98,"time_budget":12,"batches_processed":1}
[2026-05-22T15:42:20+08:00] [INFO] Scheduled next batch with short interval. {"job_id":"38a3743a-2a07-4fe3-b9b4-4daec520c12a","interval":12,"next_run":1779435752,"stage":"packing"}
[2026-05-22T15:44:22+08:00] [WARNING] Packing batch exceeded time budget; shrinking batch limits for next tick. {"job_id":"38a3743a-2a07-4fe3-b9b4-4daec520c12a","time_budget":12,"batch_seconds":119.99,"entries":10,"bytes":439269,"next_max_files":10,"next_max_bytes":4194304}
[2026-05-22T15:44:22+08:00] [INFO] Time budget reached, scheduling next batch. {"job_id":"38a3743a-2a07-4fe3-b9b4-4daec520c12a","elapsed":120,"time_budget":12,"batches_processed":1}
[2026-05-22T15:44:22+08:00] [INFO] Scheduled next batch with short interval. {"job_id":"38a3743a-2a07-4fe3-b9b4-4daec520c12a","interval":14,"next_run":1779435876,"stage":"packing"}
[2026-05-22T15:46:26+08:00] [WARNING] Packing batch exceeded time budget; shrinking batch limits for next tick. {"job_id":"38a3743a-2a07-4fe3-b9b4-4daec520c12a","time_budget":12,"batch_seconds":120.01,"entries":10,"bytes":185602,"next_max_files":10,"next_max_bytes":4194304}
[2026-05-22T15:46:26+08:00] [INFO] Time budget reached, scheduling next batch. {"job_id":"38a3743a-2a07-4fe3-b9b4-4daec520c12a","elapsed":120.01,"time_budget":12,"batches_processed":1}
[2026-05-22T15:46:26+08:00] [INFO] Scheduled next batch with short interval. {"job_id":"38a3743a-2a07-4fe3-b9b4-4daec520c12a","interval":13,"next_run":1779435999,"stage":"packing"}
[2026-05-22T15:48:28+08:00] [WARNING] Packing batch exceeded time budget; shrinking batch limits for next tick. {"job_id":"38a3743a-2a07-4fe3-b9b4-4daec520c12a","time_budget":12,"batch_seconds":120.01,"entries":10,"bytes":197176,"next_max_files":10,"next_max_bytes":4194304}
[2026-05-22T15:48:28+08:00] [INFO] Time budget reached, scheduling next batch. {"job_id":"38a3743a-2a07-4fe3-b9b4-4daec520c12a","elapsed":120.01,"time_budget":12,"batches_processed":1}
[2026-05-22T15:48:28+08:00] [INFO] Scheduled next batch with short interval. {"job_id":"38a3743a-2a07-4fe3-b9b4-4daec520c12a","interval":14,"next_run":1779436122,"stage":"packing"}
[2026-05-22T15:50:31+08:00] [WARNING] Packing batch exceeded time budget; shrinking batch limits for next tick. {"job_id":"38a3743a-2a07-4fe3-b9b4-4daec520c12a","time_budget":12,"batch_seconds":120.05,"entries":10,"bytes":461716,"next_max_files":10,"next_max_bytes":4194304}
[2026-05-22T15:50:31+08:00] [INFO] Time budget reached, scheduling next batch. {"job_id":"38a3743a-2a07-4fe3-b9b4-4daec520c12a","elapsed":120.05,"time_budget":12,"batches_processed":1}
[2026-05-22T15:50:31+08:00] [INFO] Scheduled next batch with short interval. {"job_id":"38a3743a-2a07-4fe3-b9b4-4daec520c12a","interval":11,"next_run":1779436242,"stage":"packing"}
[2026-05-22T15:52:32+08:00] [WARNING] Packing batch exceeded time budget; shrinking batch limits for next tick. {"job_id":"38a3743a-2a07-4fe3-b9b4-4daec520c12a","time_budget":12,"batch_seconds":120.08,"entries":10,"bytes":206317,"next_max_files":10,"next_max_bytes":4194304}
[2026-05-22T15:52:32+08:00] [INFO] Time budget reached, scheduling next batch. {"job_id":"38a3743a-2a07-4fe3-b9b4-4daec520c12a","elapsed":120.08,"time_budget":12,"batches_processed":1}
[2026-05-22T15:52:32+08:00] [INFO] Scheduled next batch with short interval. {"job_id":"38a3743a-2a07-4fe3-b9b4-4daec520c12a","interval":16,"next_run":1779436368,"stage":"packing"}
[2026-05-22T15:54:37+08:00] [WARNING] Packing batch exceeded time budget; shrinking batch limits for next tick. {"job_id":"38a3743a-2a07-4fe3-b9b4-4daec520c12a","time_budget":12,"batch_seconds":120.04,"entries":10,"bytes":18846,"next_max_files":10,"next_max_bytes":4194304}
[2026-05-22T15:54:37+08:00] [INFO] Time budget reached, scheduling next batch. {"job_id":"38a3743a-2a07-4fe3-b9b4-4daec520c12a","elapsed":120.05,"time_budget":12,"batches_processed":1}
[2026-05-22T15:54:37+08:00] [INFO] Scheduled next batch with short interval. {"job_id":"38a3743a-2a07-4fe3-b9b4-4daec520c12a","interval":15,"next_run":1779436492,"stage":"packing"}
[2026-05-22T15:56:38+08:00] [WARNING] Packing batch exceeded time budget; shrinking batch limits for next tick. {"job_id":"38a3743a-2a07-4fe3-b9b4-4daec520c12a","time_budget":12,"batch_seconds":120.05,"entries":10,"bytes":335082,"next_max_files":10,"next_max_bytes":4194304}
[2026-05-22T15:56:38+08:00] [INFO] Time budget reached, scheduling next batch. {"job_id":"38a3743a-2a07-4fe3-b9b4-4daec520c12a","elapsed":120.05,"time_budget":12,"batches_processed":1}
[2026-05-22T15:56:38+08:00] [INFO] Scheduled next batch with short interval. {"job_id":"38a3743a-2a07-4fe3-b9b4-4daec520c12a","interval":19,"next_run":1779436617,"stage":"packing"}
[2026-05-22T15:58:45+08:00] [WARNING] Packing batch exceeded time budget; shrinking batch limits for next tick. {"job_id":"38a3743a-2a07-4fe3-b9b4-4daec520c12a","time_budget":12,"batch_seconds":120.04,"entries":10,"bytes":490038,"next_max_files":10,"next_max_bytes":4194304}
[2026-05-22T15:58:45+08:00] [INFO] Time budget reached, scheduling next batch. {"job_id":"38a3743a-2a07-4fe3-b9b4-4daec520c12a","elapsed":120.04,"time_budget":12,"batches_processed":1}
[2026-05-22T15:58:45+08:00] [INFO] Scheduled next batch with short interval. {"job_id":"38a3743a-2a07-4fe3-b9b4-4daec520c12a","interval":20,"next_run":1779436745,"stage":"packing"}
[2026-05-22T16:00:47+08:00] [WARNING] Packing batch exceeded time budget; shrinking batch limits for next tick. {"job_id":"38a3743a-2a07-4fe3-b9b4-4daec520c12a","time_budget":12,"batch_seconds":120.06,"entries":10,"bytes":439858,"next_max_files":10,"next_max_bytes":4194304}
[2026-05-22T16:00:47+08:00] [INFO] Time budget reached, scheduling next batch. {"job_id":"38a3743a-2a07-4fe3-b9b4-4daec520c12a","elapsed":120.06,"time_budget":12,"batches_processed":1}
[2026-05-22T16:00:47+08:00] [INFO] Scheduled next batch with short interval. {"job_id":"38a3743a-2a07-4fe3-b9b4-4daec520c12a","interval":15,"next_run":1779436862,"stage":"packing"}
[2026-05-22T16:02:50+08:00] [WARNING] Packing batch exceeded time budget; shrinking batch limits for next tick. {"job_id":"38a3743a-2a07-4fe3-b9b4-4daec520c12a","time_budget":12,"batch_seconds":120,"entries":10,"bytes":90902,"next_max_files":10,"next_max_bytes":4194304}
[2026-05-22T16:02:50+08:00] [INFO] Time budget reached, scheduling next batch. {"job_id":"38a3743a-2a07-4fe3-b9b4-4daec520c12a","elapsed":120.01,"time_budget":12,"batches_processed":1}
[2026-05-22T16:02:50+08:00] [INFO] Scheduled next batch with short interval. {"job_id":"38a3743a-2a07-4fe3-b9b4-4daec520c12a","interval":20,"next_run":1779436990,"stage":"packing"}
[2026-05-22T16:04:55+08:00] [WARNING] Packing batch exceeded time budget; shrinking batch limits for next tick. {"job_id":"38a3743a-2a07-4fe3-b9b4-4daec520c12a","time_budget":12,"batch_seconds":120.05,"entries":10,"bytes":286977,"next_max_files":10,"next_max_bytes":4194304}
[2026-05-22T16:04:55+08:00] [INFO] Time budget reached, scheduling next batch. {"job_id":"38a3743a-2a07-4fe3-b9b4-4daec520c12a","elapsed":120.05,"time_budget":12,"batches_processed":1}
[2026-05-22T16:04:55+08:00] [INFO] Scheduled next batch with short interval. {"job_id":"38a3743a-2a07-4fe3-b9b4-4daec520c12a","interval":17,"next_run":1779437112,"stage":"packing"}
[2026-05-22T16:07:03+08:00] [WARNING] Packing batch exceeded time budget; shrinking batch limits for next tick. {"job_id":"38a3743a-2a07-4fe3-b9b4-4daec520c12a","time_budget":12,"batch_seconds":120.07,"entries":10,"bytes":92190,"next_max_files":10,"next_max_bytes":4194304}
[2026-05-22T16:07:03+08:00] [INFO] Time budget reached, scheduling next batch. {"job_id":"38a3743a-2a07-4fe3-b9b4-4daec520c12a","elapsed":120.07,"time_budget":12,"batches_processed":1}
[2026-05-22T16:07:03+08:00] [INFO] Scheduled next batch with short interval. {"job_id":"38a3743a-2a07-4fe3-b9b4-4daec520c12a","interval":19,"next_run":1779437242,"stage":"packing"}
[2026-05-22T16:09:08+08:00] [WARNING] Packing batch exceeded time budget; shrinking batch limits for next tick. {"job_id":"38a3743a-2a07-4fe3-b9b4-4daec520c12a","time_budget":12,"batch_seconds":120.07,"entries":10,"bytes":168046,"next_max_files":10,"next_max_bytes":4194304}
[2026-05-22T16:09:08+08:00] [INFO] Time budget reached, scheduling next batch. {"job_id":"38a3743a-2a07-4fe3-b9b4-4daec520c12a","elapsed":120.07,"time_budget":12,"batches_processed":1}
[2026-05-22T16:09:08+08:00] [INFO] Scheduled next batch with short interval. {"job_id":"38a3743a-2a07-4fe3-b9b4-4daec520c12a","interval":18,"next_run":1779437366,"stage":"packing"}
[2026-05-22T16:11:13+08:00] [WARNING] Packing batch exceeded time budget; shrinking batch limits for next tick. {"job_id":"38a3743a-2a07-4fe3-b9b4-4daec520c12a","time_budget":12,"batch_seconds":120.08,"entries":10,"bytes":168468,"next_max_files":10,"next_max_bytes":4194304}
[2026-05-22T16:11:13+08:00] [INFO] Time budget reached, scheduling next batch. {"job_id":"38a3743a-2a07-4fe3-b9b4-4daec520c12a","elapsed":120.09,"time_budget":12,"batches_processed":1}
[2026-05-22T16:11:13+08:00] [INFO] Scheduled next batch with short interval. {"job_id":"38a3743a-2a07-4fe3-b9b4-4daec520c12a","interval":10,"next_run":1779437483,"stage":"packing"}
[2026-05-22T16:13:23+08:00] [WARNING] Packing batch exceeded time budget; shrinking batch limits for next tick. {"job_id":"38a3743a-2a07-4fe3-b9b4-4daec520c12a","time_budget":12,"batch_seconds":120.11,"entries":10,"bytes":166040,"next_max_files":10,"next_max_bytes":4194304}
[2026-05-22T16:13:23+08:00] [INFO] Time budget reached, scheduling next batch. {"job_id":"38a3743a-2a07-4fe3-b9b4-4daec520c12a","elapsed":120.12,"time_budget":12,"batches_processed":1}
[2026-05-22T16:13:23+08:00] [INFO] Scheduled next batch with short interval. {"job_id":"38a3743a-2a07-4fe3-b9b4-4daec520c12a","interval":17,"next_run":1779437620,"stage":"packing"}
[2026-05-22T16:15:25+08:00] [WARNING] Packing batch exceeded time budget; shrinking batch limits for next tick. {"job_id":"38a3743a-2a07-4fe3-b9b4-4daec520c12a","time_budget":12,"batch_seconds":120.04,"entries":10,"bytes":161387,"next_max_files":10,"next_max_bytes":4194304}
[2026-05-22T16:15:25+08:00] [INFO] Time budget reached, scheduling next batch. {"job_id":"38a3743a-2a07-4fe3-b9b4-4daec520c12a","elapsed":120.04,"time_budget":12,"batches_processed":1}
[2026-05-22T16:15:25+08:00] [INFO] Scheduled next batch with short interval. {"job_id":"38a3743a-2a07-4fe3-b9b4-4daec520c12a","interval":20,"next_run":1779437745,"stage":"packing"}
[2026-05-22T16:17:27+08:00] [WARNING] Packing batch exceeded time budget; shrinking batch limits for next tick. {"job_id":"38a3743a-2a07-4fe3-b9b4-4daec520c12a","time_budget":12,"batch_seconds":120.07,"entries":10,"bytes":51714,"next_max_files":10,"next_max_bytes":4194304}
[2026-05-22T16:17:27+08:00] [INFO] Time budget reached, scheduling next batch. {"job_id":"38a3743a-2a07-4fe3-b9b4-4daec520c12a","elapsed":120.07,"time_budget":12,"batches_processed":1}
[2026-05-22T16:17:27+08:00] [INFO] Scheduled next batch with short interval. {"job_id":"38a3743a-2a07-4fe3-b9b4-4daec520c12a","interval":12,"next_run":1779437859,"stage":"packing"}
[2026-05-22T16:19:28+08:00] [WARNING] Packing batch exceeded time budget; shrinking batch limits for next tick. {"job_id":"38a3743a-2a07-4fe3-b9b4-4daec520c12a","time_budget":12,"batch_seconds":120.03,"entries":10,"bytes":3460,"next_max_files":10,"next_max_bytes":4194304}
[2026-05-22T16:19:28+08:00] [INFO] Time budget reached, scheduling next batch. {"job_id":"38a3743a-2a07-4fe3-b9b4-4daec520c12a","elapsed":120.03,"time_budget":12,"batches_processed":1}
[2026-05-22T16:19:28+08:00] [INFO] Scheduled next batch with short interval. {"job_id":"38a3743a-2a07-4fe3-b9b4-4daec520c12a","interval":19,"next_run":1779437987,"stage":"packing"}
[2026-05-22T16:21:31+08:00] [WARNING] Packing batch exceeded time budget; shrinking batch limits for next tick. {"job_id":"38a3743a-2a07-4fe3-b9b4-4daec520c12a","time_budget":12,"batch_seconds":120.08,"entries":10,"bytes":24894,"next_max_files":10,"next_max_bytes":4194304}
[2026-05-22T16:21:31+08:00] [INFO] Time budget reached, scheduling next batch. {"job_id":"38a3743a-2a07-4fe3-b9b4-4daec520c12a","elapsed":120.08,"time_budget":12,"batches_processed":1}
[2026-05-22T16:21:31+08:00] [INFO] Scheduled next batch with short interval. {"job_id":"38a3743a-2a07-4fe3-b9b4-4daec520c12a","interval":20,"next_run":1779438111,"stage":"packing"}
[2026-05-22T16:23:45+08:00] [WARNING] Packing batch exceeded time budget; shrinking batch limits for next tick. {"job_id":"38a3743a-2a07-4fe3-b9b4-4daec520c12a","time_budget":12,"batch_seconds":120.06,"entries":10,"bytes":36651,"next_max_files":10,"next_max_bytes":4194304}
[2026-05-22T16:23:45+08:00] [INFO] Time budget reached, scheduling next batch. {"job_id":"38a3743a-2a07-4fe3-b9b4-4daec520c12a","elapsed":120.06,"time_budget":12,"batches_processed":1}
[2026-05-22T16:23:45+08:00] [INFO] Scheduled next batch with short interval. {"job_id":"38a3743a-2a07-4fe3-b9b4-4daec520c12a","interval":15,"next_run":1779438240,"stage":"packing"}
[2026-05-22T16:25:46+08:00] [WARNING] Packing batch exceeded time budget; shrinking batch limits for next tick. {"job_id":"38a3743a-2a07-4fe3-b9b4-4daec520c12a","time_budget":12,"batch_seconds":120.21,"entries":10,"bytes":53223,"next_max_files":10,"next_max_bytes":4194304}
[2026-05-22T16:25:46+08:00] [INFO] Time budget reached, scheduling next batch. {"job_id":"38a3743a-2a07-4fe3-b9b4-4daec520c12a","elapsed":120.21,"time_budget":12,"batches_processed":1}
[2026-05-22T16:25:46+08:00] [INFO] Scheduled next batch with short interval. {"job_id":"38a3743a-2a07-4fe3-b9b4-4daec520c12a","interval":15,"next_run":1779438361,"stage":"packing"}
[2026-05-22T16:27:50+08:00] [WARNING] Packing batch exceeded time budget; shrinking batch limits for next tick. {"job_id":"38a3743a-2a07-4fe3-b9b4-4daec520c12a","time_budget":12,"batch_seconds":120.06,"entries":10,"bytes":25138,"next_max_files":10,"next_max_bytes":4194304}
[2026-05-22T16:27:50+08:00] [INFO] Time budget reached, scheduling next batch. {"job_id":"38a3743a-2a07-4fe3-b9b4-4daec520c12a","elapsed":120.06,"time_budget":12,"batches_processed":1}
[2026-05-22T16:27:50+08:00] [INFO] Scheduled next batch with short interval. {"job_id":"38a3743a-2a07-4fe3-b9b4-4daec520c12a","interval":15,"next_run":1779438485,"stage":"packing"}
[2026-05-22T16:29:58+08:00] [WARNING] Packing batch exceeded time budget; shrinking batch limits for next tick. {"job_id":"38a3743a-2a07-4fe3-b9b4-4daec520c12a","time_budget":12,"batch_seconds":120.06,"entries":10,"bytes":28430,"next_max_files":10,"next_max_bytes":4194304}
[2026-05-22T16:29:58+08:00] [INFO] Time budget reached, scheduling next batch. {"job_id":"38a3743a-2a07-4fe3-b9b4-4daec520c12a","elapsed":120.06,"time_budget":12,"batches_processed":1}
[2026-05-22T16:29:58+08:00] [INFO] Scheduled next batch with short interval. {"job_id":"38a3743a-2a07-4fe3-b9b4-4daec520c12a","interval":15,"next_run":1779438613,"stage":"packing"}
[2026-05-22T16:32:01+08:00] [WARNING] Packing batch exceeded time budget; shrinking batch limits for next tick. {"job_id":"38a3743a-2a07-4fe3-b9b4-4daec520c12a","time_budget":12,"batch_seconds":120.11,"entries":10,"bytes":33392,"next_max_files":10,"next_max_bytes":4194304}
[2026-05-22T16:32:01+08:00] [INFO] Time budget reached, scheduling next batch. {"job_id":"38a3743a-2a07-4fe3-b9b4-4daec520c12a","elapsed":120.11,"time_budget":12,"batches_processed":1}
[2026-05-22T16:32:01+08:00] [INFO] Scheduled next batch with short interval. {"job_id":"38a3743a-2a07-4fe3-b9b4-4daec520c12a","interval":13,"next_run":1779438734,"stage":"packing"}
[2026-05-22T16:34:09+08:00] [WARNING] Packing batch exceeded time budget; shrinking batch limits for next tick. {"job_id":"38a3743a-2a07-4fe3-b9b4-4daec520c12a","time_budget":12,"batch_seconds":120.06,"entries":10,"bytes":32514,"next_max_files":10,"next_max_bytes":4194304}
[2026-05-22T16:34:09+08:00] [INFO] Time budget reached, scheduling next batch. {"job_id":"38a3743a-2a07-4fe3-b9b4-4daec520c12a","elapsed":120.06,"time_budget":12,"batches_processed":1}
[2026-05-22T16:34:09+08:00] [INFO] Scheduled next batch with short interval. {"job_id":"38a3743a-2a07-4fe3-b9b4-4daec520c12a","interval":18,"next_run":1779438867,"stage":"packing"}
[2026-05-22T16:36:12+08:00] [WARNING] Packing batch exceeded time budget; shrinking batch limits for next tick. {"job_id":"38a3743a-2a07-4fe3-b9b4-4daec520c12a","time_budget":12,"batch_seconds":120.07,"entries":10,"bytes":47427,"next_max_files":10,"next_max_bytes":4194304}
[2026-05-22T16:36:12+08:00] [INFO] Time budget reached, scheduling next batch. {"job_id":"38a3743a-2a07-4fe3-b9b4-4daec520c12a","elapsed":120.07,"time_budget":12,"batches_processed":1}
[2026-05-22T16:36:12+08:00] [INFO] Scheduled next batch with short interval. {"job_id":"38a3743a-2a07-4fe3-b9b4-4daec520c12a","interval":16,"next_run":1779438988,"stage":"packing"}
[2026-05-22T16:37:24+08:00] [INFO] Museder RestoreOne build active. {"version":"2.7.263","build_id":"2.7.263-1","opcache":true}
[2026-05-22T16:38:15+08:00] [WARNING] Packing batch exceeded time budget; shrinking batch limits for next tick. {"job_id":"38a3743a-2a07-4fe3-b9b4-4daec520c12a","time_budget":12,"batch_seconds":120.05,"entries":10,"bytes":33462,"next_max_files":10,"next_max_bytes":4194304}
[2026-05-22T16:38:15+08:00] [INFO] Time budget reached, scheduling next batch. {"job_id":"38a3743a-2a07-4fe3-b9b4-4daec520c12a","elapsed":120.05,"time_budget":12,"batches_processed":1}
[2026-05-22T16:38:15+08:00] [INFO] Scheduled next batch with short interval. {"job_id":"38a3743a-2a07-4fe3-b9b4-4daec520c12a","interval":20,"next_run":1779439115,"stage":"packing"}
[2026-05-22T16:40:16+08:00] [WARNING] Packing batch exceeded time budget; shrinking batch limits for next tick. {"job_id":"38a3743a-2a07-4fe3-b9b4-4daec520c12a","time_budget":12,"batch_seconds":120.1,"entries":10,"bytes":33741,"next_max_files":10,"next_max_bytes":4194304}
[2026-05-22T16:40:16+08:00] [INFO] Time budget reached, scheduling next batch. {"job_id":"38a3743a-2a07-4fe3-b9b4-4daec520c12a","elapsed":120.1,"time_budget":12,"batches_processed":1}
[2026-05-22T16:40:16+08:00] [INFO] Scheduled next batch with short interval. {"job_id":"38a3743a-2a07-4fe3-b9b4-4daec520c12a","interval":11,"next_run":1779439227,"stage":"packing"}
[2026-05-22T16:42:36+08:00] [WARNING] Packing batch exceeded time budget; shrinking batch limits for next tick. {"job_id":"38a3743a-2a07-4fe3-b9b4-4daec520c12a","time_budget":12,"batch_seconds":120.83,"entries":10,"bytes":4165926,"next_max_files":10,"next_max_bytes":4194304}
[2026-05-22T16:42:36+08:00] [INFO] Time budget reached, scheduling next batch. {"job_id":"38a3743a-2a07-4fe3-b9b4-4daec520c12a","elapsed":120.83,"time_budget":12,"batches_processed":1}
[2026-05-22T16:42:36+08:00] [INFO] Scheduled next batch with short interval. {"job_id":"38a3743a-2a07-4fe3-b9b4-4daec520c12a","interval":15,"next_run":1779439371,"stage":"packing"}
[2026-05-22T16:44:37+08:00] [WARNING] Packing batch exceeded time budget; shrinking batch limits for next tick. {"job_id":"38a3743a-2a07-4fe3-b9b4-4daec520c12a","time_budget":12,"batch_seconds":120.7,"entries":10,"bytes":21740,"next_max_files":10,"next_max_bytes":4194304}
[2026-05-22T16:44:37+08:00] [INFO] Time budget reached, scheduling next batch. {"job_id":"38a3743a-2a07-4fe3-b9b4-4daec520c12a","elapsed":120.7,"time_budget":12,"batches_processed":1}
[2026-05-22T16:44:37+08:00] [INFO] Scheduled next batch with short interval. {"job_id":"38a3743a-2a07-4fe3-b9b4-4daec520c12a","interval":17,"next_run":1779439494,"stage":"packing"}
[2026-05-22T16:46:41+08:00] [WARNING] Packing batch exceeded time budget; shrinking batch limits for next tick. {"job_id":"38a3743a-2a07-4fe3-b9b4-4daec520c12a","time_budget":12,"batch_seconds":120.34,"entries":10,"bytes":114703,"next_max_files":10,"next_max_bytes":4194304}
[2026-05-22T16:46:41+08:00] [INFO] Time budget reached, scheduling next batch. {"job_id":"38a3743a-2a07-4fe3-b9b4-4daec520c12a","elapsed":120.35,"time_budget":12,"batches_processed":1}
[2026-05-22T16:46:41+08:00] [INFO] Scheduled next batch with short interval. {"job_id":"38a3743a-2a07-4fe3-b9b4-4daec520c12a","interval":19,"next_run":1779439620,"stage":"packing"}
[2026-05-22T16:48:45+08:00] [WARNING] Packing batch exceeded time budget; shrinking batch limits for next tick. {"job_id":"38a3743a-2a07-4fe3-b9b4-4daec520c12a","time_budget":12,"batch_seconds":120.31,"entries":10,"bytes":77561,"next_max_files":10,"next_max_bytes":4194304}
[2026-05-22T16:48:45+08:00] [INFO] Time budget reached, scheduling next batch. {"job_id":"38a3743a-2a07-4fe3-b9b4-4daec520c12a","elapsed":120.31,"time_budget":12,"batches_processed":1}
[2026-05-22T16:48:45+08:00] [INFO] Scheduled next batch with short interval. {"job_id":"38a3743a-2a07-4fe3-b9b4-4daec520c12a","interval":13,"next_run":1779439738,"stage":"packing"}
[2026-05-22T16:50:55+08:00] [WARNING] Packing batch exceeded time budget; shrinking batch limits for next tick. {"job_id":"38a3743a-2a07-4fe3-b9b4-4daec520c12a","time_budget":12,"batch_seconds":120.33,"entries":10,"bytes":22942,"next_max_files":10,"next_max_bytes":4194304}
[2026-05-22T16:50:55+08:00] [INFO] Time budget reached, scheduling next batch. {"job_id":"38a3743a-2a07-4fe3-b9b4-4daec520c12a","elapsed":120.33,"time_budget":12,"batches_processed":1}
[2026-05-22T16:50:55+08:00] [INFO] Scheduled next batch with short interval. {"job_id":"38a3743a-2a07-4fe3-b9b4-4daec520c12a","interval":16,"next_run":1779439871,"stage":"packing"}
[2026-05-22T16:53:14+08:00] [WARNING] Packing batch exceeded time budget; shrinking batch limits for next tick. {"job_id":"38a3743a-2a07-4fe3-b9b4-4daec520c12a","time_budget":12,"batch_seconds":120.36,"entries":10,"bytes":126703,"next_max_files":10,"next_max_bytes":4194304}
[2026-05-22T16:53:14+08:00] [INFO] Time budget reached, scheduling next batch. {"job_id":"38a3743a-2a07-4fe3-b9b4-4daec520c12a","elapsed":120.36,"time_budget":12,"batches_processed":1}
[2026-05-22T16:53:14+08:00] [INFO] Scheduled next batch with short interval. {"job_id":"38a3743a-2a07-4fe3-b9b4-4daec520c12a","interval":13,"next_run":1779440007,"stage":"packing"}
[2026-05-22T16:55:18+08:00] [WARNING] Packing batch exceeded time budget; shrinking batch limits for next tick. {"job_id":"38a3743a-2a07-4fe3-b9b4-4daec520c12a","time_budget":12,"batch_seconds":120.34,"entries":10,"bytes":50075,"next_max_files":10,"next_max_bytes":4194304}
[2026-05-22T16:55:18+08:00] [INFO] Time budget reached, scheduling next batch. {"job_id":"38a3743a-2a07-4fe3-b9b4-4daec520c12a","elapsed":120.34,"time_budget":12,"batches_processed":1}
[2026-05-22T16:55:18+08:00] [INFO] Scheduled next batch with short interval. {"job_id":"38a3743a-2a07-4fe3-b9b4-4daec520c12a","interval":16,"next_run":1779440134,"stage":"packing"}
[2026-05-22T16:57:28+08:00] [WARNING] Packing batch exceeded time budget; shrinking batch limits for next tick. {"job_id":"38a3743a-2a07-4fe3-b9b4-4daec520c12a","time_budget":12,"batch_seconds":120.39,"entries":10,"bytes":19411,"next_max_files":10,"next_max_bytes":4194304}
[2026-05-22T16:57:28+08:00] [INFO] Time budget reached, scheduling next batch. {"job_id":"38a3743a-2a07-4fe3-b9b4-4daec520c12a","elapsed":120.39,"time_budget":12,"batches_processed":1}
[2026-05-22T16:57:28+08:00] [INFO] Scheduled next batch with short interval. {"job_id":"38a3743a-2a07-4fe3-b9b4-4daec520c12a","interval":10,"next_run":1779440258,"stage":"packing"}
[2026-05-22T16:59:33+08:00] [WARNING] Packing batch exceeded time budget; shrinking batch limits for next tick. {"job_id":"38a3743a-2a07-4fe3-b9b4-4daec520c12a","time_budget":12,"batch_seconds":120.32,"entries":10,"bytes":12442,"next_max_files":10,"next_max_bytes":4194304}
[2026-05-22T16:59:33+08:00] [INFO] Time budget reached, scheduling next batch. {"job_id":"38a3743a-2a07-4fe3-b9b4-4daec520c12a","elapsed":120.32,"time_budget":12,"batches_processed":1}
[2026-05-22T16:59:33+08:00] [INFO] Scheduled next batch with short interval. {"job_id":"38a3743a-2a07-4fe3-b9b4-4daec520c12a","interval":14,"next_run":1779440387,"stage":"packing"}
[2026-05-22T17:01:37+08:00] [WARNING] Packing batch exceeded time budget; shrinking batch limits for next tick. {"job_id":"38a3743a-2a07-4fe3-b9b4-4daec520c12a","time_budget":12,"batch_seconds":120.34,"entries":10,"bytes":15224,"next_max_files":10,"next_max_bytes":4194304}
[2026-05-22T17:01:37+08:00] [INFO] Time budget reached, scheduling next batch. {"job_id":"38a3743a-2a07-4fe3-b9b4-4daec520c12a","elapsed":120.34,"time_budget":12,"batches_processed":1}
[2026-05-22T17:01:37+08:00] [INFO] Scheduled next batch with short interval. {"job_id":"38a3743a-2a07-4fe3-b9b4-4daec520c12a","interval":12,"next_run":1779440509,"stage":"packing"}
[2026-05-22T17:03:38+08:00] [WARNING] Packing batch exceeded time budget; shrinking batch limits for next tick. {"job_id":"38a3743a-2a07-4fe3-b9b4-4daec520c12a","time_budget":12,"batch_seconds":120.32,"entries":10,"bytes":10827,"next_max_files":10,"next_max_bytes":4194304}
[2026-05-22T17:03:38+08:00] [INFO] Time budget reached, scheduling next batch. {"job_id":"38a3743a-2a07-4fe3-b9b4-4daec520c12a","elapsed":120.32,"time_budget":12,"batches_processed":1}
[2026-05-22T17:03:38+08:00] [INFO] Scheduled next batch with short interval. {"job_id":"38a3743a-2a07-4fe3-b9b4-4daec520c12a","interval":11,"next_run":1779440629,"stage":"packing"}
[2026-05-22T17:05:53+08:00] [WARNING] Packing batch exceeded time budget; shrinking batch limits for next tick. {"job_id":"38a3743a-2a07-4fe3-b9b4-4daec520c12a","time_budget":12,"batch_seconds":120.33,"entries":10,"bytes":93536,"next_max_files":10,"next_max_bytes":4194304}
[2026-05-22T17:05:53+08:00] [INFO] Time budget reached, scheduling next batch. {"job_id":"38a3743a-2a07-4fe3-b9b4-4daec520c12a","elapsed":120.34,"time_budget":12,"batches_processed":1}
[2026-05-22T17:05:53+08:00] [INFO] Scheduled next batch with short interval. {"job_id":"38a3743a-2a07-4fe3-b9b4-4daec520c12a","interval":17,"next_run":1779440770,"stage":"packing"}
[2026-05-22T17:07:56+08:00] [WARNING] Packing batch exceeded time budget; shrinking batch limits for next tick. {"job_id":"38a3743a-2a07-4fe3-b9b4-4daec520c12a","time_budget":12,"batch_seconds":120.35,"entries":10,"bytes":59665,"next_max_files":10,"next_max_bytes":4194304}
[2026-05-22T17:07:56+08:00] [INFO] Time budget reached, scheduling next batch. {"job_id":"38a3743a-2a07-4fe3-b9b4-4daec520c12a","elapsed":120.36,"time_budget":12,"batches_processed":1}
[2026-05-22T17:07:56+08:00] [INFO] Scheduled next batch with short interval. {"job_id":"38a3743a-2a07-4fe3-b9b4-4daec520c12a","interval":19,"next_run":1779440895,"stage":"packing"}
[2026-05-22T17:10:00+08:00] [WARNING] Packing batch exceeded time budget; shrinking batch limits for next tick. {"job_id":"38a3743a-2a07-4fe3-b9b4-4daec520c12a","time_budget":12,"batch_seconds":120.35,"entries":10,"bytes":14560,"next_max_files":10,"next_max_bytes":4194304}
[2026-05-22T17:10:00+08:00] [INFO] Time budget reached, scheduling next batch. {"job_id":"38a3743a-2a07-4fe3-b9b4-4daec520c12a","elapsed":120.35,"time_budget":12,"batches_processed":1}
[2026-05-22T17:10:00+08:00] [INFO] Scheduled next batch with short interval. {"job_id":"38a3743a-2a07-4fe3-b9b4-4daec520c12a","interval":14,"next_run":1779441014,"stage":"packing"}
[2026-05-22T17:12:06+08:00] [WARNING] Packing batch exceeded time budget; shrinking batch limits for next tick. {"job_id":"38a3743a-2a07-4fe3-b9b4-4daec520c12a","time_budget":12,"batch_seconds":120.37,"entries":10,"bytes":18272,"next_max_files":10,"next_max_bytes":4194304}
[2026-05-22T17:12:06+08:00] [INFO] Time budget reached, scheduling next batch. {"job_id":"38a3743a-2a07-4fe3-b9b4-4daec520c12a","elapsed":120.37,"time_budget":12,"batches_processed":1}
[2026-05-22T17:12:06+08:00] [INFO] Scheduled next batch with short interval. {"job_id":"38a3743a-2a07-4fe3-b9b4-4daec520c12a","interval":19,"next_run":1779441145,"stage":"packing"}
[2026-05-22T17:14:08+08:00] [WARNING] Packing batch exceeded time budget; shrinking batch limits for next tick. {"job_id":"38a3743a-2a07-4fe3-b9b4-4daec520c12a","time_budget":12,"batch_seconds":120.31,"entries":10,"bytes":40746,"next_max_files":10,"next_max_bytes":4194304}
[2026-05-22T17:14:08+08:00] [INFO] Time budget reached, scheduling next batch. {"job_id":"38a3743a-2a07-4fe3-b9b4-4daec520c12a","elapsed":120.32,"time_budget":12,"batches_processed":1}
[2026-05-22T17:14:08+08:00] [INFO] Scheduled next batch with short interval. {"job_id":"38a3743a-2a07-4fe3-b9b4-4daec520c12a","interval":10,"next_run":1779441258,"stage":"packing"}
[2026-05-22T17:16:12+08:00] [WARNING] Packing batch exceeded time budget; shrinking batch limits for next tick. {"job_id":"38a3743a-2a07-4fe3-b9b4-4daec520c12a","time_budget":12,"batch_seconds":120.37,"entries":10,"bytes":34130,"next_max_files":10,"next_max_bytes":4194304}
[2026-05-22T17:16:12+08:00] [INFO] Time budget reached, scheduling next batch. {"job_id":"38a3743a-2a07-4fe3-b9b4-4daec520c12a","elapsed":120.37,"time_budget":12,"batches_processed":1}
[2026-05-22T17:16:12+08:00] [INFO] Scheduled next batch with short interval. {"job_id":"38a3743a-2a07-4fe3-b9b4-4daec520c12a","interval":19,"next_run":1779441391,"stage":"packing"}
[2026-05-22T17:18:16+08:00] [WARNING] Packing batch exceeded time budget; shrinking batch limits for next tick. {"job_id":"38a3743a-2a07-4fe3-b9b4-4daec520c12a","time_budget":12,"batch_seconds":120.34,"entries":10,"bytes":23038,"next_max_files":10,"next_max_bytes":4194304}
[2026-05-22T17:18:16+08:00] [INFO] Time budget reached, scheduling next batch. {"job_id":"38a3743a-2a07-4fe3-b9b4-4daec520c12a","elapsed":120.35,"time_budget":12,"batches_processed":1}
[2026-05-22T17:18:16+08:00] [INFO] Scheduled next batch with short interval. {"job_id":"38a3743a-2a07-4fe3-b9b4-4daec520c12a","interval":18,"next_run":1779441514,"stage":"packing"}
[2026-05-22T17:20:18+08:00] [WARNING] Packing batch exceeded time budget; shrinking batch limits for next tick. {"job_id":"38a3743a-2a07-4fe3-b9b4-4daec520c12a","time_budget":12,"batch_seconds":120.35,"entries":10,"bytes":23444,"next_max_files":10,"next_max_bytes":4194304}
[2026-05-22T17:20:18+08:00] [INFO] Time budget reached, scheduling next batch. {"job_id":"38a3743a-2a07-4fe3-b9b4-4daec520c12a","elapsed":120.35,"time_budget":12,"batches_processed":1}
[2026-05-22T17:20:18+08:00] [INFO] Scheduled next batch with short interval. {"job_id":"38a3743a-2a07-4fe3-b9b4-4daec520c12a","interval":10,"next_run":1779441628,"stage":"packing"}
[2026-05-22T17:22:20+08:00] [WARNING] Packing batch exceeded time budget; shrinking batch limits for next tick. {"job_id":"38a3743a-2a07-4fe3-b9b4-4daec520c12a","time_budget":12,"batch_seconds":120.33,"entries":10,"bytes":17458,"next_max_files":10,"next_max_bytes":4194304}
[2026-05-22T17:22:20+08:00] [INFO] Time budget reached, scheduling next batch. {"job_id":"38a3743a-2a07-4fe3-b9b4-4daec520c12a","elapsed":120.33,"time_budget":12,"batches_processed":1}
[2026-05-22T17:22:20+08:00] [INFO] Scheduled next batch with short interval. {"job_id":"38a3743a-2a07-4fe3-b9b4-4daec520c12a","interval":19,"next_run":1779441759,"stage":"packing"}
[2026-05-22T17:24:29+08:00] [WARNING] Packing batch exceeded time budget; shrinking batch limits for next tick. {"job_id":"38a3743a-2a07-4fe3-b9b4-4daec520c12a","time_budget":12,"batch_seconds":120.36,"entries":10,"bytes":64255,"next_max_files":10,"next_max_bytes":4194304}
[2026-05-22T17:24:29+08:00] [INFO] Time budget reached, scheduling next batch. {"job_id":"38a3743a-2a07-4fe3-b9b4-4daec520c12a","elapsed":120.36,"time_budget":12,"batches_processed":1}
[2026-05-22T17:24:29+08:00] [INFO] Scheduled next batch with short interval. {"job_id":"38a3743a-2a07-4fe3-b9b4-4daec520c12a","interval":14,"next_run":1779441883,"stage":"packing"}
[2026-05-22T17:26:33+08:00] [WARNING] Packing batch exceeded time budget; shrinking batch limits for next tick. {"job_id":"38a3743a-2a07-4fe3-b9b4-4daec520c12a","time_budget":12,"batch_seconds":120.34,"entries":10,"bytes":34719,"next_max_files":10,"next_max_bytes":4194304}
[2026-05-22T17:26:33+08:00] [INFO] Time budget reached, scheduling next batch. {"job_id":"38a3743a-2a07-4fe3-b9b4-4daec520c12a","elapsed":120.34,"time_budget":12,"batches_processed":1}
[2026-05-22T17:26:33+08:00] [INFO] Scheduled next batch with short interval. {"job_id":"38a3743a-2a07-4fe3-b9b4-4daec520c12a","interval":12,"next_run":1779442005,"stage":"packing"}
[2026-05-22T17:28:38+08:00] [WARNING] Packing batch exceeded time budget; shrinking batch limits for next tick. {"job_id":"38a3743a-2a07-4fe3-b9b4-4daec520c12a","time_budget":12,"batch_seconds":120.38,"entries":10,"bytes":160340,"next_max_files":10,"next_max_bytes":4194304}
[2026-05-22T17:28:38+08:00] [INFO] Time budget reached, scheduling next batch. {"job_id":"38a3743a-2a07-4fe3-b9b4-4daec520c12a","elapsed":120.38,"time_budget":12,"batches_processed":1}
[2026-05-22T17:28:38+08:00] [INFO] Scheduled next batch with short interval. {"job_id":"38a3743a-2a07-4fe3-b9b4-4daec520c12a","interval":11,"next_run":1779442129,"stage":"packing"}
[2026-05-22T17:30:41+08:00] [WARNING] Packing batch exceeded time budget; shrinking batch limits for next tick. {"job_id":"38a3743a-2a07-4fe3-b9b4-4daec520c12a","time_budget":12,"batch_seconds":120.4,"entries":10,"bytes":504902,"next_max_files":10,"next_max_bytes":4194304}
[2026-05-22T17:30:41+08:00] [INFO] Time budget reached, scheduling next batch. {"job_id":"38a3743a-2a07-4fe3-b9b4-4daec520c12a","elapsed":120.4,"time_budget":12,"batches_processed":1}
[2026-05-22T17:30:41+08:00] [INFO] Scheduled next batch with short interval. {"job_id":"38a3743a-2a07-4fe3-b9b4-4daec520c12a","interval":13,"next_run":1779442254,"stage":"packing"}
[2026-05-22T17:33:05+08:00] [WARNING] Packing batch exceeded time budget; shrinking batch limits for next tick. {"job_id":"38a3743a-2a07-4fe3-b9b4-4daec520c12a","time_budget":25,"batch_seconds":120.38,"entries":10,"bytes":283929,"next_max_files":10,"next_max_bytes":4194304}
[2026-05-22T17:33:05+08:00] [INFO] Time budget reached, scheduling next batch. {"job_id":"38a3743a-2a07-4fe3-b9b4-4daec520c12a","elapsed":120.38,"time_budget":25,"batches_processed":1}
[2026-05-22T17:33:05+08:00] [INFO] Scheduled next batch with short interval. {"job_id":"38a3743a-2a07-4fe3-b9b4-4daec520c12a","interval":15,"next_run":1779442400,"stage":"packing"}
[2026-05-22T17:35:07+08:00] [WARNING] Packing batch exceeded time budget; shrinking batch limits for next tick. {"job_id":"38a3743a-2a07-4fe3-b9b4-4daec520c12a","time_budget":12,"batch_seconds":120.51,"entries":10,"bytes":98498,"next_max_files":10,"next_max_bytes":4194304}
[2026-05-22T17:35:07+08:00] [INFO] Time budget reached, scheduling next batch. {"job_id":"38a3743a-2a07-4fe3-b9b4-4daec520c12a","elapsed":120.52,"time_budget":12,"batches_processed":1}
[2026-05-22T17:35:07+08:00] [INFO] Scheduled next batch with short interval. {"job_id":"38a3743a-2a07-4fe3-b9b4-4daec520c12a","interval":13,"next_run":1779442520,"stage":"packing"}
[2026-05-22T17:37:21+08:00] [WARNING] Packing batch exceeded time budget; shrinking batch limits for next tick. {"job_id":"38a3743a-2a07-4fe3-b9b4-4daec520c12a","time_budget":12,"batch_seconds":120.35,"entries":10,"bytes":22072,"next_max_files":10,"next_max_bytes":4194304}
[2026-05-22T17:37:21+08:00] [INFO] Time budget reached, scheduling next batch. {"job_id":"38a3743a-2a07-4fe3-b9b4-4daec520c12a","elapsed":120.36,"time_budget":12,"batches_processed":1}
[2026-05-22T17:37:21+08:00] [INFO] Scheduled next batch with short interval. {"job_id":"38a3743a-2a07-4fe3-b9b4-4daec520c12a","interval":10,"next_run":1779442651,"stage":"packing"}
[2026-05-22T17:37:29+08:00] [INFO] Museder RestoreOne build active. {"version":"2.7.263","build_id":"2.7.263-1","opcache":true}
[2026-05-22T17:37:31+08:00] [INFO] Museder RestoreOne build active. {"version":"2.7.263","build_id":"2.7.263-1","opcache":true}
[2026-05-22T17:39:40+08:00] [WARNING] Packing batch exceeded time budget; shrinking batch limits for next tick. {"job_id":"38a3743a-2a07-4fe3-b9b4-4daec520c12a","time_budget":12,"batch_seconds":120.37,"entries":10,"bytes":146057,"next_max_files":10,"next_max_bytes":4194304}
[2026-05-22T17:39:40+08:00] [INFO] Time budget reached, scheduling next batch. {"job_id":"38a3743a-2a07-4fe3-b9b4-4daec520c12a","elapsed":120.37,"time_budget":12,"batches_processed":1}
[2026-05-22T17:39:40+08:00] [INFO] Scheduled next batch with short interval. {"job_id":"38a3743a-2a07-4fe3-b9b4-4daec520c12a","interval":20,"next_run":1779442800,"stage":"packing"}
[2026-05-22T17:41:41+08:00] [WARNING] Packing batch exceeded time budget; shrinking batch limits for next tick. {"job_id":"38a3743a-2a07-4fe3-b9b4-4daec520c12a","time_budget":12,"batch_seconds":120.39,"entries":10,"bytes":66183,"next_max_files":10,"next_max_bytes":4194304}
[2026-05-22T17:41:41+08:00] [INFO] Time budget reached, scheduling next batch. {"job_id":"38a3743a-2a07-4fe3-b9b4-4daec520c12a","elapsed":120.4,"time_budget":12,"batches_processed":1}
[2026-05-22T17:41:41+08:00] [INFO] Scheduled next batch with short interval. {"job_id":"38a3743a-2a07-4fe3-b9b4-4daec520c12a","interval":10,"next_run":1779442911,"stage":"packing"}
[2026-05-22T17:43:48+08:00] [WARNING] Packing batch exceeded time budget; shrinking batch limits for next tick. {"job_id":"38a3743a-2a07-4fe3-b9b4-4daec520c12a","time_budget":12,"batch_seconds":120.43,"entries":10,"bytes":107982,"next_max_files":10,"next_max_bytes":4194304}
[2026-05-22T17:43:48+08:00] [INFO] Time budget reached, scheduling next batch. {"job_id":"38a3743a-2a07-4fe3-b9b4-4daec520c12a","elapsed":120.43,"time_budget":12,"batches_processed":1}
[2026-05-22T17:43:48+08:00] [INFO] Scheduled next batch with short interval. {"job_id":"38a3743a-2a07-4fe3-b9b4-4daec520c12a","interval":10,"next_run":1779443038,"stage":"packing"}
[2026-05-22T17:45:53+08:00] [WARNING] Packing batch exceeded time budget; shrinking batch limits for next tick. {"job_id":"38a3743a-2a07-4fe3-b9b4-4daec520c12a","time_budget":12,"batch_seconds":120.38,"entries":10,"bytes":144013,"next_max_files":10,"next_max_bytes":4194304}
[2026-05-22T17:45:53+08:00] [INFO] Time budget reached, scheduling next batch. {"job_id":"38a3743a-2a07-4fe3-b9b4-4daec520c12a","elapsed":120.38,"time_budget":12,"batches_processed":1}
[2026-05-22T17:45:53+08:00] [INFO] Scheduled next batch with short interval. {"job_id":"38a3743a-2a07-4fe3-b9b4-4daec520c12a","interval":15,"next_run":1779443168,"stage":"packing"}
[2026-05-22T17:47:57+08:00] [WARNING] Packing batch exceeded time budget; shrinking batch limits for next tick. {"job_id":"38a3743a-2a07-4fe3-b9b4-4daec520c12a","time_budget":12,"batch_seconds":120.46,"entries":10,"bytes":138372,"next_max_files":10,"next_max_bytes":4194304}
[2026-05-22T17:47:57+08:00] [INFO] Time budget reached, scheduling next batch. {"job_id":"38a3743a-2a07-4fe3-b9b4-4daec520c12a","elapsed":120.46,"time_budget":12,"batches_processed":1}
[2026-05-22T17:47:57+08:00] [INFO] Scheduled next batch with short interval. {"job_id":"38a3743a-2a07-4fe3-b9b4-4daec520c12a","interval":15,"next_run":1779443292,"stage":"packing"}
[2026-05-22T17:50:03+08:00] [WARNING] Packing batch exceeded time budget; shrinking batch limits for next tick. {"job_id":"38a3743a-2a07-4fe3-b9b4-4daec520c12a","time_budget":12,"batch_seconds":120.67,"entries":10,"bytes":116333,"next_max_files":10,"next_max_bytes":4194304}
[2026-05-22T17:50:03+08:00] [INFO] Time budget reached, scheduling next batch. {"job_id":"38a3743a-2a07-4fe3-b9b4-4daec520c12a","elapsed":120.67,"time_budget":12,"batches_processed":1}
[2026-05-22T17:50:03+08:00] [INFO] Scheduled next batch with short interval. {"job_id":"38a3743a-2a07-4fe3-b9b4-4daec520c12a","interval":17,"next_run":1779443420,"stage":"packing"}
[2026-05-22T17:52:17+08:00] [WARNING] Packing batch exceeded time budget; shrinking batch limits for next tick. {"job_id":"38a3743a-2a07-4fe3-b9b4-4daec520c12a","time_budget":12,"batch_seconds":120.42,"entries":10,"bytes":145364,"next_max_files":10,"next_max_bytes":4194304}
[2026-05-22T17:52:17+08:00] [INFO] Time budget reached, scheduling next batch. {"job_id":"38a3743a-2a07-4fe3-b9b4-4daec520c12a","elapsed":120.43,"time_budget":12,"batches_processed":1}
[2026-05-22T17:52:17+08:00] [INFO] Scheduled next batch with short interval. {"job_id":"38a3743a-2a07-4fe3-b9b4-4daec520c12a","interval":19,"next_run":1779443556,"stage":"packing"}
[2026-05-22T17:54:18+08:00] [WARNING] Packing batch exceeded time budget; shrinking batch limits for next tick. {"job_id":"38a3743a-2a07-4fe3-b9b4-4daec520c12a","time_budget":12,"batch_seconds":120.81,"entries":10,"bytes":195626,"next_max_files":10,"next_max_bytes":4194304}
[2026-05-22T17:54:18+08:00] [INFO] Time budget reached, scheduling next batch. {"job_id":"38a3743a-2a07-4fe3-b9b4-4daec520c12a","elapsed":120.81,"time_budget":12,"batches_processed":1}
[2026-05-22T17:54:18+08:00] [INFO] Scheduled next batch with short interval. {"job_id":"38a3743a-2a07-4fe3-b9b4-4daec520c12a","interval":18,"next_run":1779443676,"stage":"packing"}
[2026-05-22T17:56:22+08:00] [WARNING] Packing batch exceeded time budget; shrinking batch limits for next tick. {"job_id":"38a3743a-2a07-4fe3-b9b4-4daec520c12a","time_budget":12,"batch_seconds":120.5,"entries":10,"bytes":102525,"next_max_files":10,"next_max_bytes":4194304}
[2026-05-22T17:56:22+08:00] [INFO] Time budget reached, scheduling next batch. {"job_id":"38a3743a-2a07-4fe3-b9b4-4daec520c12a","elapsed":120.51,"time_budget":12,"batches_processed":1}
[2026-05-22T17:56:22+08:00] [INFO] Scheduled next batch with short interval. {"job_id":"38a3743a-2a07-4fe3-b9b4-4daec520c12a","interval":11,"next_run":1779443793,"stage":"packing"}
[2026-05-22T17:58:30+08:00] [WARNING] Packing batch exceeded time budget; shrinking batch limits for next tick. {"job_id":"38a3743a-2a07-4fe3-b9b4-4daec520c12a","time_budget":12,"batch_seconds":120.44,"entries":10,"bytes":107745,"next_max_files":10,"next_max_bytes":4194304}
[2026-05-22T17:58:30+08:00] [INFO] Time budget reached, scheduling next batch. {"job_id":"38a3743a-2a07-4fe3-b9b4-4daec520c12a","elapsed":120.45,"time_budget":12,"batches_processed":1}
[2026-05-22T17:58:30+08:00] [INFO] Scheduled next batch with short interval. {"job_id":"38a3743a-2a07-4fe3-b9b4-4daec520c12a","interval":20,"next_run":1779443930,"stage":"packing"}
[2026-05-22T18:00:34+08:00] [WARNING] Packing batch exceeded time budget; shrinking batch limits for next tick. {"job_id":"38a3743a-2a07-4fe3-b9b4-4daec520c12a","time_budget":12,"batch_seconds":120.4,"entries":10,"bytes":120155,"next_max_files":10,"next_max_bytes":4194304}
[2026-05-22T18:00:34+08:00] [INFO] Time budget reached, scheduling next batch. {"job_id":"38a3743a-2a07-4fe3-b9b4-4daec520c12a","elapsed":120.4,"time_budget":12,"batches_processed":1}
[2026-05-22T18:00:34+08:00] [INFO] Scheduled next batch with short interval. {"job_id":"38a3743a-2a07-4fe3-b9b4-4daec520c12a","interval":18,"next_run":1779444052,"stage":"packing"}
[2026-05-22T18:02:36+08:00] [WARNING] Packing batch exceeded time budget; shrinking batch limits for next tick. {"job_id":"38a3743a-2a07-4fe3-b9b4-4daec520c12a","time_budget":12,"batch_seconds":120.4,"entries":10,"bytes":109570,"next_max_files":10,"next_max_bytes":4194304}
[2026-05-22T18:02:36+08:00] [INFO] Time budget reached, scheduling next batch. {"job_id":"38a3743a-2a07-4fe3-b9b4-4daec520c12a","elapsed":120.41,"time_budget":12,"batches_processed":1}
[2026-05-22T18:02:36+08:00] [INFO] Scheduled next batch with short interval. {"job_id":"38a3743a-2a07-4fe3-b9b4-4daec520c12a","interval":15,"next_run":1779444171,"stage":"packing"}
[2026-05-22T18:04:46+08:00] [WARNING] Packing batch exceeded time budget; shrinking batch limits for next tick. {"job_id":"38a3743a-2a07-4fe3-b9b4-4daec520c12a","time_budget":12,"batch_seconds":120.42,"entries":10,"bytes":140983,"next_max_files":10,"next_max_bytes":4194304}
[2026-05-22T18:04:46+08:00] [INFO] Time budget reached, scheduling next batch. {"job_id":"38a3743a-2a07-4fe3-b9b4-4daec520c12a","elapsed":120.42,"time_budget":12,"batches_processed":1}
[2026-05-22T18:04:46+08:00] [INFO] Scheduled next batch with short interval. {"job_id":"38a3743a-2a07-4fe3-b9b4-4daec520c12a","interval":18,"next_run":1779444304,"stage":"packing"}
[2026-05-22T18:06:47+08:00] [WARNING] Packing batch exceeded time budget; shrinking batch limits for next tick. {"job_id":"38a3743a-2a07-4fe3-b9b4-4daec520c12a","time_budget":12,"batch_seconds":120.66,"entries":10,"bytes":106396,"next_max_files":10,"next_max_bytes":4194304}
[2026-05-22T18:06:47+08:00] [INFO] Time budget reached, scheduling next batch. {"job_id":"38a3743a-2a07-4fe3-b9b4-4daec520c12a","elapsed":120.66,"time_budget":12,"batches_processed":1}
[2026-05-22T18:06:47+08:00] [INFO] Scheduled next batch with short interval. {"job_id":"38a3743a-2a07-4fe3-b9b4-4daec520c12a","interval":19,"next_run":1779444426,"stage":"packing"}
[2026-05-22T18:08:51+08:00] [WARNING] Packing batch exceeded time budget; shrinking batch limits for next tick. {"job_id":"38a3743a-2a07-4fe3-b9b4-4daec520c12a","time_budget":12,"batch_seconds":120.39,"entries":10,"bytes":119566,"next_max_files":10,"next_max_bytes":4194304}
[2026-05-22T18:08:51+08:00] [INFO] Time budget reached, scheduling next batch. {"job_id":"38a3743a-2a07-4fe3-b9b4-4daec520c12a","elapsed":120.4,"time_budget":12,"batches_processed":1}
[2026-05-22T18:08:51+08:00] [INFO] Scheduled next batch with short interval. {"job_id":"38a3743a-2a07-4fe3-b9b4-4daec520c12a","interval":16,"next_run":1779444547,"stage":"packing"}
[2026-05-22T18:10:53+08:00] [WARNING] Packing batch exceeded time budget; shrinking batch limits for next tick. {"job_id":"38a3743a-2a07-4fe3-b9b4-4daec520c12a","time_budget":12,"batch_seconds":120.41,"entries":10,"bytes":108445,"next_max_files":10,"next_max_bytes":4194304}
[2026-05-22T18:10:53+08:00] [INFO] Time budget reached, scheduling next batch. {"job_id":"38a3743a-2a07-4fe3-b9b4-4daec520c12a","elapsed":120.42,"time_budget":12,"batches_processed":1}
[2026-05-22T18:10:53+08:00] [INFO] Scheduled next batch with short interval. {"job_id":"38a3743a-2a07-4fe3-b9b4-4daec520c12a","interval":15,"next_run":1779444668,"stage":"packing"}
[2026-05-22T18:12:29+08:00] [INFO] Backup job cancelled by user. {"job_id":"38a3743a-2a07-4fe3-b9b4-4daec520c12a","stage":"packing","status":"running"}
[2026-05-22T18:12:31+08:00] [INFO] Backup job cancelled by user. {"job_id":"38a3743a-2a07-4fe3-b9b4-4daec520c12a","stage":"cancelled","status":"cancelled"}
